code,name,manufacturer,tier,group,slug
1001,"Агiл 100 KE","Адама",original,"Гербіцид",ahil-100-ke-adama
1002,"Бельведер Форте КС","Адама",original,"Гербіцид",belveder-forte-ks-adama
1003,"Відблок Плюс МЕ","Адама",original,"Гербіцид",vidblok-plyus-me-adama
1004,"Галiган КЕ","Адама",original,"Гербіцид",halihan-ke-adama
1005,"Глiфоган РК","Адама",original,"Гербіцид",hlifohan-rk-adama
1006,"Голтiкс Голд МС","Адама",original,"Гербіцид",holtiks-hold-ms-adama
1007,"Голтiкс Тітан КС","Адама",original,"Гербіцид",holtiks-titan-ks-adama
1008,"Евентус МЕ","Адама",original,"Гербіцид",eventus-me-adama
1009,"Ерроу КЕ","Адама",original,"Гербіцид",errou-ke-adama
1010,"Калiф КС","Адама",original,"Гербіцид",kalif-ks-adama
1011,"Калiф Мега ФК","Адама",original,"Гербіцид",kalif-meha-fk-adama
1012,"Легато Тріо КС","Адама",original,"Гербіцид",lehato-trio-ks-adama
1013,"Мiстраль ВГ","Адама",original,"Гербіцид",mistral-vh-adama
1014,"Нiкоган МД","Адама",original,"Гербіцид",nikohan-md-adama
1015,"Пауертвiн КС","Адама",original,"Гербіцид",pauertvin-ks-adama
1016,"Пендiган KC","Адама",original,"Гербіцид",pendihan-kc-adama
1017,"Прометрекс  50 SC","Адама",original,"Гербіцид",prometreks-50-sc-adama
1018,"Рейсер КЕ","Адама",original,"Гербіцид",reiser-ke-adama
1019,"Скудеро 6-25-25 РК","Адама",original,"Гербіцид",skudero-6-25-25-rk-adama
1020,"Скудеро Борон РК","Адама",original,"Гербіцид",skudero-boron-rk-adama
1021,"Скудеро Мульті РК","Адама",original,"Гербіцид",skudero-multi-rk-adama
1022,"Скудеро САВ РК","Адама",original,"Гербіцид",skudero-sav-rk-adama
1023,"Скудеро ZN+PK","Адама",original,"Гербіцид",skudero-zn-pk-adama
1024,"Султан КС","Адама",original,"Гербіцид",sultan-ks-adama
1025,"Султан Твiн КС","Адама",original,"Гербіцид",sultan-tvin-ks-adama
1026,"Томiган KE","Адама",original,"Гербіцид",tomihan-ke-adama
1027,"Триггер ВГ","Адама",original,"Гербіцид",tryhher-vh-adama
1028,"Трифлурекс КЕ","Адама",original,"Гербіцид",tryflureks-ke-adama
1029,"Аденго 465 КС","Байер",original,"Гербіцид",adenho-465-ks-baier
1030,"Атлантіс стар","Байер",original,"Гербіцид",atlantis-star-baier
1031,"Бекано 500SC KC","Байер",original,"Гербіцид",bekano-500sc-kc-baier
1032,"Бетанал Експерт 274 ЕС, КЕ","Байер",original,"Гербіцид",betanal-ekspert-274-es-ke-baier
1033,"Бетанал Макс Про 209 OD, МД","Байер",original,"Гербіцид",betanal-maks-pro-209-od-md-baier
1034,"Гродiл Максi 375 OD, МД","Байер",original,"Гербіцид",hrodil-maksi-375-od-md-baier
1035,"Зенкор Лiквiд 600 SC, КС","Байер",original,"Гербіцид",zenkor-likvid-600-sc-ks-baier
1036,"Лаудіс 30 WG, ВГ","Байер",original,"Гербіцид",laudis-30-wg-vh-baier
1037,"МайсТер Пауер OD, МД","Байер",original,"Гербіцид",maister-pauer-od-md-baier
1038,"Мерлiн 750WG, ВГ","Байер",original,"Гербіцид",merlin-750wg-vh-baier
1039,"Мерлiн Флекс Дуо","Байер",original,"Гербіцид",merlin-fleks-duo-baier
1040,"Мушкет Універсал 460OD","Байер",original,"Гербіцид",mushket-universal-460od-baier
1041,"Пума Супер EW, ЕВ","Байер",original,"Гербіцид",puma-super-ew-ev-baier
1042,"Челендж 600 SC, КС","Байер",original,"Гербіцид",chelendzh-600-sc-ks-baier
1043,"Базагран","Басф",original,"Гербіцид",bazahran-basf
1044,"Базагран ПРО","Басф",original,"Гербіцид",bazahran-pro-basf
1045,"Баста 150 SL","Басф",original,"Гербіцид",basta-150-sl-basf
1046,"Бутізан Стар","Басф",original,"Гербіцид",butizan-star-basf
1047,"Бутiзан 400 д.в","Басф",original,"Гербіцид",butizan-400-d-v-basf
1048,"Бутiзан АВАНТ, СЕ","Басф",original,"Гербіцид",butizan-avant-se-basf
1049,"Ервін ПРО","Басф",original,"Гербіцид",ervin-pro-basf
1050,"Євро-лайтнiнг ПЛЮС, РК","Басф",original,"Гербіцид",yevro-laitninh-plyus-rk-basf
1051,"Євро-лайтнiнг, РК","Басф",original,"Гербіцид",yevro-laitninh-rk-basf
1052,"Камбіо Стар","Басф",original,"Гербіцид",kambio-star-basf
1053,"Корум","Басф",original,"Гербіцид",korum-basf
1054,"Нопасаран","Басф",original,"Гербіцид",nopasaran-basf
1055,"Нопасаран Флекс","Басф",original,"Гербіцид",nopasaran-fleks-basf
1056,"Пульсар Флекс","Басф",original,"Гербіцид",pulsar-flex-basf
1057,"Стеллар Плюс, РК","Басф",original,"Гербіцид",stellar-plyus-rk-basf
1058,"Стомп 330, к.е","Басф",original,"Гербіцид",stomp-330-k-e-basf
1059,"Стомп Аква","Басф",original,"Гербіцид",stomp-akva-basf
1060,"Фронтьер оптима","Басф",original,"Гербіцид",fronter-optyma-basf
1061,"Хайкот Супер Extender","Басф",original,"Гербіцид",khaikot-super-extender-basf
1062,"Хайкот Супер, р","Басф",original,"Гербіцид",khaikot-super-r-basf
1063,"ХіСтік, в.п.","Басф",original,"Гербіцид",khistik-v-p-basf
1064,"Айдахо","Дефенда",original,"Гербіцид",aidakho-defenda
1065,"Айлар","Дефенда",original,"Гербіцид",ailar-defenda
1066,"Аксакал","Дефенда",original,"Гербіцид",aksakal-defenda
1067,"Бантен","Дефенда",original,"Гербіцид",banten-defenda
1068,"Бетагард","Дефенда",original,"Гербіцид",betahard-defenda
1069,"Блейд","Дефенда",original,"Гербіцид",bleid-defenda
1070,"Брокс","Дефенда",original,"Гербіцид",broks-defenda
1071,"Дабл трай","Дефенда",original,"Гербіцид",dabl-trai-defenda
1072,"Дикамба Форте","Дефенда",original,"Гербіцид",dykamba-forte-defenda
1073,"Ефімер","Дефенда",original,"Гербіцид",efimer-defenda
1074,"Імпреза","Дефенда",original,"Гербіцид",impreza-defenda
1075,"Кентавр","Дефенда",original,"Гербіцид",kentavr-defenda
1076,"Клаттер","Дефенда",original,"Гербіцид",klatter-defenda
1077,"Кушон","Дефенда",original,"Гербіцид",kushon-defenda
1078,"Літерон","Дефенда",original,"Гербіцид",literon-defenda
1079,"Матар","Дефенда",original,"Гербіцид",matar-defenda
1080,"Муссон","Дефенда",original,"Гербіцид",musson-defenda
1081,"Напалм","Дефенда",original,"Гербіцид",napalm-defenda
1082,"Напалм Супер","Дефенда",original,"Гербіцид",napalm-super-defenda
1083,"Напалм Форте","Дефенда",original,"Гербіцид",napalm-forte-defenda
1084,"Перун","Дефенда",original,"Гербіцид",perun-defenda
1085,"Піраміда","Дефенда",original,"Гербіцид",piramida-defenda
1086,"Примус","Дефенда",original,"Гербіцид",prymus-defenda
1087,"Рим","Дефенда",original,"Гербіцид",rym-defenda
1088,"Сахара","Дефенда",original,"Гербіцид",sakhara-defenda
1089,"Сора-Нет","Дефенда",original,"Гербіцид",sora-net-defenda
1090,"Старлент","Дефенда",original,"Гербіцид",starlent-defenda
1091,"Сумаро","Дефенда",original,"Гербіцид",sumaro-defenda
1092,"Форит","Дефенда",original,"Гербіцид",foryt-defenda
1093,"Харума","Дефенда",original,"Гербіцид",kharuma-defenda
1094,"Шериф","Дефенда",original,"Гербіцид",sheryf-defenda
1095,"Шериф Максі","Дефенда",original,"Гербіцид",sheryf-maksi-defenda
1096,"Айказ","Кортева",original,"Гербіцид",aikaz-korteva
1097,"Белкар","Кортева",original,"Гербіцид",belkar-korteva
1098,"Белкар Флекс, КЕ","Кортева",original,"Гербіцид",belkar-fleks-ke-korteva
1099,"Блу-Н","Кортева",original,"Гербіцид",blu-n-korteva
1100,"Геліантекс","Кортева",original,"Гербіцид",helianteks-korteva
1101,"Геліантекс + Аканто Плюс","Кортева",original,"Гербіцид",helianteks-akanto-plyus-korteva
1102,"Геліантекс Про","Кортева",original,"Гербіцид",helianteks-pro-korteva
1103,"Квелекс 200вг","Кортева",original,"Гербіцид",kveleks-200vh-korteva
1104,"Кордус Флекс","Кортева",original,"Гербіцид",kordus-fleks-korteva
1105,"Лонтрел 300 в.р.","Кортева",original,"Гербіцид",lontrel-300-v-r-korteva
1106,"Лортама","Кортева",original,"Гербіцид",lortama-korteva
1107,"Н-Лок Макс","Кортева",original,"Гербіцид",n-lok-maks-korteva
1108,"Паллас  Екстра 317 ВГ","Кортева",original,"Гербіцид",pallas-ekstra-317-vh-korteva
1109,"Паллас 45OD","Кортева",original,"Гербіцид",pallas-45od-korteva
1110,"Прима","Кортева",original,"Гербіцид",pryma-korteva
1111,"Прима Форте","Кортева",original,"Гербіцид",pryma-forte-korteva
1112,"Пріма Інтенс","Кортева",original,"Гербіцид",prima-intens-korteva
1113,"Слаш","Кортева",original,"Гербіцид",slash-korteva
1114,"Старане Премiум","Кортева",original,"Гербіцид",starane-premium-korteva
1115,"Тiтус","Кортева",original,"Гербіцид",titus-korteva
1116,"Тiтус Екстра","Кортева",original,"Гербіцид",titus-ekstra-korteva
1117,"Аргумент, РК","Нертус",econom,"Гербіцид",arhument-rk-nertus
1118,"Герб 900, КЕ","Нертус",econom,"Гербіцид",herb-900-ke-nertus
1119,"Каре, ЗП","Нертус",econom,"Гербіцид",kare-zp-nertus
1120,"Майтус, РГ","Нертус",econom,"Гербіцид",maitus-rh-nertus
1121,"Мілафурон, КС","Нертус",econom,"Гербіцид",milafuron-ks-nertus
1122,"Мілафурон, КС КИТАЙ","Нертус",econom,"Гербіцид",milafuron-ks-kytai-nertus
1123,"Преміум Голд, КС","Нертус",econom,"Гербіцид",premium-hold-ks-nertus
1124,"Сентинел КЕ","Нертус",econom,"Гербіцид",sentynel-ke-nertus
1125,"Терц, РК","Нертус",econom,"Гербіцид",terts-rk-nertus
1126,"Фоліо, КЕ","Нертус",econom,"Гербіцид",folio-ke-nertus
1127,"АВАТАР","Нопосон",econom,"Гербіцид",avatar-noposon
1128,"БЕЛЕНУС","Нопосон",econom,"Гербіцид",belenus-noposon
1129,"ГЕФЕСТ","Нопосон",econom,"Гербіцид",hefest-noposon
1130,"ГЕФЕСТ ПРО","Нопосон",econom,"Гербіцид",hefest-pro-noposon
1131,"ЗАГРЕЙ","Нопосон",econom,"Гербіцид",zahrei-noposon
1132,"САТІС","Нопосон",econom,"Гербіцид",satis-noposon
1133,"ТІТОН","Нопосон",econom,"Гербіцид",titon-noposon
1134,"ТІТОН ДУО","Нопосон",econom,"Гербіцид",titon-duo-noposon
1135,"ТОРЛАЙТІНГ","Нопосон",econom,"Гербіцид",torlayting-noposon
1136,"ХЕПІ СТАР","Нопосон",econom,"Гербіцид",hepi-star-noposon
1137,"Агрiтокс 50%","Нуфарм",original,"Гербіцид",ahritoks-50-nufarm
1138,"Агрiтокс Турбо","Нуфарм",original,"Гербіцид",ahritoks-turbo-nufarm
1139,"Астрал","Нуфарм",original,"Гербіцид",astral-nufarm
1140,"Декстер","Нуфарм",original,"Гербіцид",dekster-nufarm
1141,"Дiкопур ТОП 464","Нуфарм",original,"Гербіцид",dikopur-top-464-nufarm
1142,"Еквінокс, КС","Нуфарм",original,"Гербіцид",ekvinoks-ks-nufarm
1143,"Естет 905","Нуфарм",original,"Гербіцид",estet-905-nufarm
1144,"Зеагран 350","Нуфарм",original,"Гербіцид",zeahran-350-nufarm
1145,"Інтерцепт","Нуфарм",original,"Гербіцид",intertsept-nufarm
1146,"Квад 150РК","Нуфарм",original,"Гербіцид",kvad-150rk-nufarm
1147,"Клозе 480 КЕ","Нуфарм",original,"Гербіцид",kloze-480-ke-nufarm
1148,"Клiнiк в.р.","Нуфарм",original,"Гербіцид",klinik-v-r-nufarm
1149,"Клiнiк Ікстрим","Нуфарм",original,"Гербіцид",klinik-ikstrym-nufarm
1150,"Клiнiк Макс","Нуфарм",original,"Гербіцид",klinik-maks-nufarm
1151,"Ларс 250, ВГ","Нуфарм",original,"Гербіцид",lars-250-vh-nufarm
1152,"Ларс дельта","Нуфарм",original,"Гербіцид",lars-delta-nufarm
1153,"Ларс Комбі","Нуфарм",original,"Гербіцид",lars-kombi-nufarm
1154,"Марсель","Нуфарм",original,"Гербіцид",marsel-nufarm
1155,"Монітор Плюс","Нуфарм",original,"Гербіцид",monitor-plyus-nufarm
1156,"Селфі","Нуфарм",original,"Гербіцид",selfi-nufarm
1157,"Селфі ОЙЛ","Нуфарм",original,"Гербіцид",selfi-oil-nufarm
1158,"Тейлор","Нуфарм",original,"Гербіцид",teilor-nufarm
1159,"Троллер","Нуфарм",original,"Гербіцид",troller-nufarm
1160,"Тру","Нуфарм",original,"Гербіцид",tru-nufarm
1161,"Філдер, КЕ","Нуфарм",original,"Гербіцид",filder-ke-nufarm
1162,"Флойд, КЕ","Нуфарм",original,"Гербіцид",floid-ke-nufarm
1163,"Агер Форте, КС","Самміт-Агро",original,"Гербіцид",aher-forte-ks-sammit-agro
1164,"Амалгерон Ессенс, РК","Самміт-Агро",original,"Гербіцид",amalheron-essens-rk-sammit-agro
1165,"Амарон, РК","Самміт-Агро",original,"Гербіцид",amaron-rk-sammit-agro
1166,"Асамі, КС","Самміт-Агро",original,"Гербіцид",asami-ks-sammit-agro
1167,"Астрел Макс, СЕ","Самміт-Агро",original,"Гербіцид",astrel-maks-se-sammit-agro
1168,"Бамбу 480, ке","Самміт-Агро",original,"Гербіцид",bambu-480-ke-sammit-agro
1169,"Беструк, РК","Самміт-Агро",original,"Гербіцид",bestruk-rk-sammit-agro
1170,"Біфлай, КС","Самміт-Агро",original,"Гербіцид",biflai-ks-sammit-agro
1171,"Вайс ПРО, КЕ","Самміт-Агро",original,"Гербіцид",vais-pro-ke-sammit-agro
1172,"Дікафлор 440, КЕ","Самміт-Агро",original,"Гербіцид",dikaflor-440-ke-sammit-agro
1173,"Імамекс 40 SL BP","Самміт-Агро",original,"Гербіцид",imameks-40-sl-bp-sammit-agro
1174,"Іночі, РК","Самміт-Агро",original,"Гербіцид",inochi-rk-sammit-agro
1175,"Інфанта, КС","Самміт-Агро",original,"Гербіцид",infanta-ks-sammit-agro
1176,"Казумiн 2Л","Самміт-Агро",original,"Гербіцид",kazumin-2l-sammit-agro
1177,"Казумiн 8Л","Самміт-Агро",original,"Гербіцид",kazumin-8l-sammit-agro
1178,"Кайші Макс, МГ","Самміт-Агро",original,"Гербіцид",kaishi-maks-mh-sammit-agro
1179,"Кінактив Інішіал, РК","Самміт-Агро",original,"Гербіцид",kinaktyv-inishial-rk-sammit-agro
1180,"Клевердим Гранд, КЕ","Самміт-Агро",original,"Гербіцид",kleverdym-hrand-ke-sammit-agro
1181,"Матріка, КС","Самміт-Агро",original,"Гербіцид",matrika-ks-sammit-agro
1182,"Наруто, КС","Самміт-Агро",original,"Гербіцид",naruto-ks-sammit-agro
1183,"Нурспрей (Nurspray), Р","Самміт-Агро",original,"Гербіцид",nursprei-nurspray-r-sammit-agro
1184,"Олемiкс 84, КЕ","Самміт-Агро",original,"Гербіцид",olemiks-84-ke-sammit-agro
1185,"Оттер Форте, КС","Самміт-Агро",original,"Гербіцид",otter-forte-ks-sammit-agro
1186,"Пледж 50, ЗП","Самміт-Агро",original,"Гербіцид",pledzh-50-zp-sammit-agro
1187,"Росейт, РК","Самміт-Агро",original,"Гербіцид",roseit-rk-sammit-agro
1188,"РоуБэк, КЕ","Самміт-Агро",original,"Гербіцид",roubek-ke-sammit-agro
1189,"Сакано, РК","Самміт-Агро",original,"Гербіцид",sakano-rk-sammit-agro
1190,"Самсон Супер 6 OD, МД","Самміт-Агро",original,"Гербіцид",samson-super-6-od-md-sammit-agro
1191,"Сендай, РК","Самміт-Агро",original,"Гербіцид",sendai-rk-sammit-agro
1192,"Сінтмезо, СЕ","Самміт-Агро",original,"Гербіцид",sintmezo-se-sammit-agro
1193,"Скаба, КЕ","Самміт-Агро",original,"Гербіцид",skaba-ke-sammit-agro
1194,"Тарга Супер","Самміт-Агро",original,"Гербіцид",tarha-super-sammit-agro
1195,"Тропіка, КЕ","Самміт-Агро",original,"Гербіцид",tropika-ke-sammit-agro
1196,"Хікару, ВГ","Самміт-Агро",original,"Гербіцид",khikaru-vh-sammit-agro
1197,"Акваті 800 EC","Сингента",original,"Гербіцид",akvati-800-ec-synhenta
1198,"Аксiал 050EC","Сингента",original,"Гербіцид",aksial-050ec-synhenta
1199,"Аксiал CROSS 050EC","Сингента",original,"Гербіцид",aksial-cross-050ec-synhenta
1200,"Баундари 777,5","Сингента",original,"Гербіцид",baundary-777-5-synhenta
1201,"Бороплюс","Сингента",original,"Гербіцид",boroplyus-synhenta
1202,"Брексіл МІКС ZN","Сингента",original,"Гербіцид",breksil-miks-zn-synhenta
1203,"Брексіл ZN","Сингента",original,"Гербіцид",breksil-zn-synhenta
1204,"Гезагард 500FW","Сингента",original,"Гербіцид",hezahard-500fw-synhenta
1205,"Дербi 175 SC","Сингента",original,"Гербіцид",derbi-175-sc-synhenta
1206,"Дуал Голд 960 EC","Сингента",original,"Гербіцид",dual-hold-960-ec-synhenta
1207,"Дiален супер 464SL","Сингента",original,"Гербіцид",dialen-super-464sl-synhenta
1208,"Еллюмiс 105 OD","Сингента",original,"Гербіцид",ellyumis-105-od-synhenta
1209,"Каптора 20л","Сингента",original,"Гербіцид",kaptora-20l-synhenta
1210,"Каптора PLUS","Сингента",original,"Гербіцид",kaptora-plus-synhenta
1211,"Логран 75WG","Сингента",original,"Гербіцид",lohran-75wg-synhenta
1212,"Лонтрел Гранд","Сингента",original,"Гербіцид",lontrel-hrand-synhenta
1213,"Люмакс 537,5SE","Сингента",original,"Гербіцид",lyumaks-537-5se-synhenta
1214,"Мілагро 040SC","Сингента",original,"Гербіцид",milahro-040sc-synhenta
1215,"Моддус STAR 500 DС","Сингента",original,"Гербіцид",moddus-star-500-ds-synhenta
1216,"Прiмекстра Голд 720","Сингента",original,"Гербіцид",primekstra-hold-720-synhenta
1217,"Прiмекстра TZ Голд 500SC","Сингента",original,"Гербіцид",primekstra-tz-hold-500sc-synhenta
1218,"ПIК 75WG","Сингента",original,"Гербіцид",pik-75wg-synhenta
1219,"Рейкер Екстра 60 OD","Сингента",original,"Гербіцид",reiker-ekstra-60-od-synhenta
1220,"Сeтар 375 SC","Сингента",original,"Гербіцид",setar-375-sc-synhenta
1221,"Такомір 040 SL","Сингента",original,"Гербіцид",takomir-040-sl-synhenta
1222,"Твіст 50WG","Сингента",original,"Гербіцид",tvist-50wg-synhenta
1223,"Ураган Форте","Сингента",original,"Гербіцид",urahan-forte-synhenta
1224,"Флюенс","Сингента",original,"Гербіцид",flyuens-synhenta
1225,"Фюзiлад Форте150ЕС","Сингента",original,"Гербіцид",fyuzilad-forte150es-synhenta
1226,"Аллатан 105 МД","Терра Віта",original,"Гербіцид",allatan-105-md-terra-vita
1227,"Арія 40 МД","Терра Віта",original,"Гербіцид",ariya-40-md-terra-vita
1228,"Баккард 125 к.е.","Терра Віта",original,"Гербіцид",bakkard-125-k-e-terra-vita
1229,"Брітекс 40РК","Терра Віта",original,"Гербіцид",briteks-40rk-terra-vita
1230,"Грантокс 500 в.р.","Терра Віта",original,"Гербіцид",hrantoks-500-v-r-terra-vita
1231,"Еклат750 в.г","Терра Віта",original,"Гербіцид",eklat750-v-h-terra-vita
1232,"Екстраклін 607 РК","Терра Віта",original,"Гербіцид",ekstraklin-607-rk-terra-vita
1233,"Екстраклін К РК","Терра Віта",original,"Гербіцид",ekstraklin-k-rk-terra-vita
1234,"Істiлайк 334 в.р.","Терра Віта",original,"Гербіцид",istilaik-334-v-r-terra-vita
1235,"Мадера 48 РК","Терра Віта",original,"Гербіцид",madera-48-rk-terra-vita
1236,"Пандора","Терра Віта",original,"Гербіцид",pandora-terra-vita
1237,"Проксаніл 720","Терра Віта",original,"Гербіцид",proksanil-720-terra-vita
1238,"Пiонер 900 к.е.","Терра Віта",original,"Гербіцид",pioner-900-k-e-terra-vita
1239,"Радікс 700 КС","Терра Віта",original,"Гербіцид",radiks-700-ks-terra-vita
1240,"Рідер 960","Терра Віта",original,"Гербіцид",rider-960-terra-vita
1241,"Рімакс 750 ВГ","Терра Віта",original,"Гербіцид",rimaks-750-vh-terra-vita
1242,"Рімакс Плюс","Терра Віта",original,"Гербіцид",rimaks-plyus-terra-vita
1243,"Рондос 750 ВГ","Терра Віта",original,"Гербіцид",rondos-750-vh-terra-vita
1244,"Салют 40МД","Терра Віта",original,"Гербіцид",salyut-40md-terra-vita
1245,"Самум Форте в.р.","Терра Віта",original,"Гербіцид",samum-forte-v-r-terra-vita
1246,"Старгезан 500 к.с.","Терра Віта",original,"Гербіцид",starhezan-500-k-s-terra-vita
1247,"Тесон 417 СЭ","Терра Віта",original,"Гербіцид",teson-417-se-terra-vita
1248,"Топланц 240 к.е","Терра Віта",original,"Гербіцид",toplants-240-k-e-terra-vita
1249,"Агент, СЕ","Укравіт",premium,"Гербіцид",ahent-se-ukravit
1250,"Агростар, РК","Укравіт",premium,"Гербіцид",ahrostar-rk-ukravit
1251,"Варяг Тріо, СЕ","Укравіт",premium,"Гербіцид",varyah-trio-se-ukravit
1252,"Варяг, КЕ","Укравіт",premium,"Гербіцид",varyah-ke-ukravit
1253,"Вейрон КС","Укравіт",premium,"Гербіцид",veiron-ks-ukravit
1254,"Віталон Експерт, КЕ","Укравіт",premium,"Гербіцид",vitalon-ekspert-ke-ukravit
1255,"Галант,РК","Укравіт",premium,"Гербіцид",halant-rk-ukravit
1256,"Генезис, РК","Укравіт",premium,"Гербіцид",henezys-rk-ukravit
1257,"Гліфовіт, РК","Укравіт",premium,"Гербіцид",hlifovit-rk-ukravit
1258,"Голд Стар, ВГ","Укравіт",premium,"Гербіцид",hold-star-vh-ukravit
1259,"Голдікс, КС","Укравіт",premium,"Гербіцид",holdiks-ks-ukravit
1260,"Датоніт Голд, КЕ","Укравіт",premium,"Гербіцид",datonit-hold-ke-ukravit
1261,"Диво Н, РК","Укравіт",premium,"Гербіцид",dyvo-n-rk-ukravit
1262,"Імі-Віт,РК","Укравіт",premium,"Гербіцид",imi-vit-rk-ukravit
1263,"Кайліс, КС","Укравіт",premium,"Гербіцид",kailis-ks-ukravit
1264,"Квін Стар Макс, КЕ","Укравіт",premium,"Гербіцид",kvin-star-maks-ke-ukravit
1265,"Кельт, КЕ","Укравіт",premium,"Гербіцид",kelt-ke-ukravit
1266,"Клайнер, ВГ","Укравіт",premium,"Гербіцид",klainer-vh-ukravit
1267,"Командир, КЕ","Укравіт",premium,"Гербіцид",komandyr-ke-ukravit
1268,"Лаплас, ВГ Новинка","Укравіт",premium,"Гербіцид",laplas-vh-novynka-ukravit
1269,"Макстар, РК","Укравіт",premium,"Гербіцид",makstar-rk-ukravit
1270,"Мастак, РК","Укравіт",premium,"Гербіцид",mastak-rk-ukravit
1271,"Міладар Дуо, КС","Укравіт",premium,"Гербіцид",miladar-duo-ks-ukravit
1272,"Міладар, КС","Укравіт",premium,"Гербіцид",miladar-ks-ukravit
1273,"Молвіт, КЕ","Укравіт",premium,"Гербіцид",molvit-ke-ukravit
1274,"Нарапс, РК","Укравіт",premium,"Гербіцид",naraps-rk-ukravit
1275,"Панда, КЕ","Укравіт",premium,"Гербіцид",panda-ke-ukravit
1276,"Пікадор, РК","Укравіт",premium,"Гербіцид",pikador-rk-ukravit
1277,"Селеніт Макс, КЕ","Укравіт",premium,"Гербіцид",selenit-maks-ke-ukravit
1278,"Стелавіт, РК","Укравіт",premium,"Гербіцид",stelavit-rk-ukravit
1279,"Стелс, КЕ","Укравіт",premium,"Гербіцид",stels-ke-ukravit
1280,"Тернат, КС","Укравіт",premium,"Гербіцид",ternat-ks-ukravit
1281,"Тівітус, ВГ","Укравіт",premium,"Гербіцид",tivitus-vh-ukravit
1282,"Тізер, КЕ","Укравіт",premium,"Гербіцид",tizer-ke-ukravit
1283,"Флагман, РК","Укравіт",premium,"Гербіцид",flahman-rk-ukravit
1284,"Формула, ВГ","Укравіт",premium,"Гербіцид",formula-vh-ukravit
1285,"Хортус, КЕ","Укравіт",premium,"Гербіцид",khortus-ke-ukravit
1286,"Вензар 80 з.п.","ФМС",original,"Гербіцид",venzar-80-z-p-fms
1287,"Експрес 75 в.г","ФМС",original,"Гербіцид",ekspres-75-v-h-fms
1288,"Експрес Голд","ФМС",original,"Гербіцид",ekspres-hold-fms
1289,"Еллай супер","ФМС",original,"Гербіцид",ellai-super-fms
1290,"Карiбу 50% з.п","ФМС",original,"Гербіцид",karibu-50-z-p-fms
1291,"Комманд","ФМС",original,"Гербіцид",kommand-fms
1292,"Нікіт","ФМС",original,"Гербіцид",nikit-fms
1293,"Саксессор","ФМС",original,"Гербіцид",saksessor-fms
1294,"Сальса","ФМС",original,"Гербіцид",salsa-korteva
1295,"Селект","ФМС",original,"Гербіцид",selekt-fms
1296,"Фаместра","ФМС",original,"Гербіцид",famestra-fms
1297,"Хармонi","ФМС",original,"Гербіцид",kharmoni-fms
1298,"Альвіус, МД","Alfa Smart Agro",premium,"Гербіцид",alvius-md-alfa-smart-agro
1299,"Альфа-Бентазон, РК","Alfa Smart Agro",premium,"Гербіцид",alfa-bentazon-rk-alfa-smart-agro
1300,"Альфа-Бригадир, КЕ","Alfa Smart Agro",premium,"Гербіцид",alfa-bryhadyr-ke-alfa-smart-agro
1301,"Альфа-Гетьман, КЕ","Alfa Smart Agro",premium,"Гербіцид",alfa-hetman-ke-alfa-smart-agro
1302,"Альфа-Дикамба, РК","Alfa Smart Agro",premium,"Гербіцид",alfa-dykamba-rk-alfa-smart-agro
1303,"Альфа-Маїс, ВГ","Alfa Smart Agro",premium,"Гербіцид",alfa-mayis-vh-alfa-smart-agro
1304,"Альфа-Піралід, РК","Alfa Smart Agro",premium,"Гербіцид",alfa-piralid-rk-alfa-smart-agro
1305,"Альфа-Прометрин, КС","Alfa Smart Agro",premium,"Гербіцид",alfa-prometryn-ks-alfa-smart-agro
1306,"Альфа-Стар, ВГ","Alfa Smart Agro",premium,"Гербіцид",alfa-star-vh-alfa-smart-agro
1307,"Антизлак, КЕ (тільки разом з ПАР Омега Екстра, КЕ, ціна за комплект 1:1)","Alfa Smart Agro",premium,"Гербіцид",antyzlak-ke-tilky-razom-z-par-omeha-ekstra-ke-tsina-za-kompl
1308,"Верітан, РК","Alfa Smart Agro",premium,"Гербіцид",veritan-rk-alfa-smart-agro
1309,"Гладіатор, КС","Alfa Smart Agro",premium,"Гербіцид",hladiator-ks-alfa-smart-agro
1310,"Еледжі, КЕ","Alfa Smart Agro",premium,"Гербіцид",eledzhi-ke-alfa-smart-agro
1311,"Елсвін, МЕ","Alfa Smart Agro",premium,"Гербіцид",elsvin-me-alfa-smart-agro
1312,"Еталон, КС","Alfa Smart Agro",premium,"Гербіцид",etalon-ks-alfa-smart-agro
1313,"Кайман, КЕ","Alfa Smart Agro",premium,"Гербіцид",kaiman-ke-alfa-smart-agro
1314,"Кампус, КЕ","Alfa Smart Agro",premium,"Гербіцид",kampus-ke-alfa-smart-agro
1315,"Конкур, КС","Alfa Smart Agro",premium,"Гербіцид",konkur-ks-alfa-smart-agro
1316,"Контролер, ЗП","Alfa Smart Agro",premium,"Гербіцид",kontroler-zp-alfa-smart-agro
1317,"Левіас, КЕ","Alfa Smart Agro",premium,"Гербіцид",levias-ke-alfa-smart-agro
1318,"Лендінг, КС","Alfa Smart Agro",premium,"Гербіцид",lendinh-ks-alfa-smart-agro
1319,"Лівендор, МЕ","Alfa Smart Agro",premium,"Гербіцид",livendor-me-alfa-smart-agro
1320,"Лобера, КЕ","Alfa Smart Agro",premium,"Гербіцид",lobera-ke-alfa-smart-agro
1321,"Містард, ВГ","Alfa Smart Agro",premium,"Гербіцид",mistard-vh-alfa-smart-agro
1322,"Оскар Пауер, МД","Alfa Smart Agro",premium,"Гербіцид",oskar-pauer-md-alfa-smart-agro
1323,"Оскар Преміум, СЕ","Alfa Smart Agro",premium,"Гербіцид",oskar-premium-se-alfa-smart-agro
1324,"Отаман Екстра, РК","Alfa Smart Agro",premium,"Гербіцид",otaman-ekstra-rk-alfa-smart-agro
1325,"Отаман, РК","Alfa Smart Agro",premium,"Гербіцид",otaman-rk-alfa-smart-agro
1326,"Рамзес, ВГ","Alfa Smart Agro",premium,"Гербіцид",ramzes-vh-alfa-smart-agro
1327,"Сантал, РК","Alfa Smart Agro",premium,"Гербіцид",santal-rk-alfa-smart-agro
1328,"Сігур, ВГ + ПАР Омега Плюс","Alfa Smart Agro",premium,"Гербіцид",sihur-vh-par-omeha-plyus-alfa-smart-agro
1329,"Сокар, РК","Alfa Smart Agro",premium,"Гербіцид",sokar-rk-alfa-smart-agro
1330,"Тейп Екстра, КС","Alfa Smart Agro",premium,"Гербіцид",teip-ekstra-ks-alfa-smart-agro
1331,"Триатлон Прайм, ВГ","Alfa Smart Agro",premium,"Гербіцид",tryatlon-praim-vh-alfa-smart-agro
1332,"Триатлон, ВГ","Alfa Smart Agro",premium,"Гербіцид",tryatlon-vh-alfa-smart-agro
1333,"Тривіум, ВГ + ПАР Бустер","Alfa Smart Agro",premium,"Гербіцид",tryvium-vh-par-buster-alfa-smart-agro
1334,"Хаммер Дуо, СЕ","Alfa Smart Agro",premium,"Гербіцид",khammer-duo-se-alfa-smart-agro
1335,"Хаммер, ВГ","Alfa Smart Agro",premium,"Гербіцид",khammer-vh-alfa-smart-agro
1336,"Юкон, КС","Alfa Smart Agro",premium,"Гербіцид",yukon-ks-alfa-smart-agro
1337,"ТОТАЛ К, ВР","Himagro",econom,"Гербіцид",total-k-vr-himagro
1338,"ТОТАЛ, РК","Himagro",econom,"Гербіцид",total-rk-himagro
1339,"Раундап Макс","Monsanto",original,"Гербіцид",raundap-maks-monsanto
1340,"Берген, РК","PEST.UA",econom,"Гербіцид",berhen-rk-pest-ua
1341,"Мигель, КС","PEST.UA",econom,"Гербіцид",myhel-ks-pest-ua
1342,"Прагмат, КЕ","PEST.UA",econom,"Гербіцид",prahmat-ke-pest-ua
1343,"Просперо, КС","PEST.UA",econom,"Гербіцид",prospero-ks-pest-ua
1344,"Пунктир, ВГ","PEST.UA",econom,"Гербіцид",punktyr-vh-pest-ua
1345,"Спінер Екстра, РК","PEST.UA",econom,"Гербіцид",spiner-ekstra-rk-pest-ua
1346,"Спінер, РК","PEST.UA",econom,"Гербіцид",spiner-rk-pest-ua
1347,"Стівен, КЕ","PEST.UA",econom,"Гербіцид",stiven-ke-pest-ua
1348,"Трономіт, ВГ","PEST.UA",econom,"Гербіцид",tronomit-vh-pest-ua
1349,"Еверест (комплект)","UPL",original,"Гербіцид",everest-komplekt-upl
1350,"Еволюшн (комплект)","UPL",original,"Гербіцид",evolyushn-komplekt-upl
1351,"Квікфос, ТБ","UPL",original,"Гербіцид",kvikfos-tb-upl
1352,"Пантера","UPL",original,"Гербіцид",pantera-upl
1353,"Пропоніт","UPL",original,"Гербіцид",proponit-upl
2001,"Бампер супер KE","Адама",original,"Фунгіцид",bamper-super-ke-adama
2002,"Бампер KE","Адама",original,"Фунгіцид",bamper-ke-adama
2003,"Банджо КС","Адама",original,"Фунгіцид",bandzho-ks-adama
2004,"Банджо Форте КС","Адама",original,"Фунгіцид",bandzho-forte-ks-adama
2005,"Бенелус КЕ","Адама",original,"Фунгіцид",benelus-ke-adama
2006,"Кустодія КС","Адама",original,"Фунгіцид",kustodiya-ks-adama
2007,"Лiндер KC","Адама",original,"Фунгіцид",linder-kc-adama
2008,"Максентіс КС","Адама",original,"Фунгіцид",maksentis-ks-adama
2009,"Меганік КЕ","Адама",original,"Фунгіцид",mehanik-ke-adama
2010,"Мерпан Платинум ВГ","Адама",original,"Фунгіцид",merpan-platynum-vh-adama
2011,"Орiус EB","Адама",original,"Фунгіцид",orius-eb-adama
2012,"Супрiм EB","Адама",original,"Фунгіцид",suprim-eb-adama
2013,"Сфiнкс Eкстра  ВГ","Адама",original,"Фунгіцид",sfinks-ekstra-vh-adama
2014,"Фольпан Голд WG","Адама",original,"Фунгіцид",folpan-hold-wg-adama
2015,"Фольпан WG","Адама",original,"Фунгіцид",folpan-wg-adama
2016,"Авiатор ХPRO 225 ЕС, КЕ","Байер",original,"Фунгіцид",aviator-khpro-225-es-ke-baier
2017,"Альєтт 80 WP, ЗП","Байер",original,"Фунгіцид",alyett-80-wp-zp-baier
2018,"Антракол 70 WG, ВГ","Байер",original,"Фунгіцид",antrakol-70-wg-vh-baier
2019,"Деларо Форте 280 ЕС","Байер",original,"Фунгіцид",delaro-forte-280-es-baier
2020,"Інпут Класік","Байер",original,"Фунгіцид",input-klasik-baier
2021,"Інфiнiто 61SC, 687,5, КС","Байер",original,"Фунгіцид",infinito-61sc-687-5-ks-baier
2022,"Камбаліо Прайм 20","Байер",original,"Фунгіцид",kambalio-praim-20-baier
2023,"Камбаліо Смарт 230","Байер",original,"Фунгіцид",kambalio-smart-230-baier
2024,"Каюніс32 5ЕС","Байер",original,"Фунгіцид",kayunis32-5es-baier
2025,"Луна  Сенсейшн 500 SC, КС","Байер",original,"Фунгіцид",luna-senseishn-500-sc-ks-baier
2026,"Луна Кер 71,6 WG, ВГ","Байер",original,"Фунгіцид",luna-ker-71-6-wg-vh-baier
2027,"Луна Экспiрiенс 400 SC, КС","Байер",original,"Фунгіцид",luna-ekspiriens-400-sc-ks-baier
2028,"Медiсон 263SC, КС","Байер",original,"Фунгіцид",medison-263sc-ks-baier
2029,"Натiво 75 WG, ВГ","Байер",original,"Фунгіцид",nativo-75-wg-vh-baier
2030,"Превiкур Енерджі 840SL, РК","Байер",original,"Фунгіцид",previkur-enerdzhi-840sl-rk-baier
2031,"Пропульс 250SE, СЕ","Байер",original,"Фунгіцид",propuls-250se-se-baier
2032,"Серенада ACO SC, КС","Байер",original,"Фунгіцид",serenada-aco-sc-ks-baier
2033,"Скала 400SC, КС","Байер",original,"Фунгіцид",skala-400sc-ks-baier
2034,"Солiгор 425 EC, КЕ","Байер",original,"Фунгіцид",solihor-425-ec-ke-baier
2035,"Тельдор 50WG, ВГ","Байер",original,"Фунгіцид",teldor-50wg-vh-baier
2036,"Тiлмор 240 ЕС, КЕ","Байер",original,"Фунгіцид",tilmor-240-es-ke-baier
2037,"Фалькон 460 EC","Байер",original,"Фунгіцид",falkon-460-ec-baier
2038,"Фанданго 200ЕС, ке","Байер",original,"Фунгіцид",fandanho-200es-ke-baier
2039,"Флiнт 50, КС","Байер",original,"Фунгіцид",flint-50-ks-baier
2040,"Фокс 325SC, КС","Байер",original,"Фунгіцид",foks-325sc-ks-baier
2041,"Фолiкур 250EW, ЕВ","Байер",original,"Фунгіцид",folikur-250ew-ev-baier
2042,"Абакус","Басф",original,"Фунгіцид",abakus-basf
2043,"Адексар Плюс","Басф",original,"Фунгіцид",adeksar-plyus-basf
2044,"Акріс, СЕ","Басф",original,"Фунгіцид",akris-se-basf
2045,"Акробат МЦ","Басф",original,"Фунгіцид",akrobat-mts-basf
2046,"Альтерно","Басф",original,"Фунгіцид",alterno-basf
2047,"Архітект, СЕ","Басф",original,"Фунгіцид",arkhitekt-se-basf
2048,"Белліс, ВГ","Басф",original,"Фунгіцид",bellis-vh-basf
2049,"Даксур, КС","Басф",original,"Фунгіцид",daksur-ks-basf
2050,"Делан","Басф",original,"Фунгіцид",delan-basf
2051,"Кабрiо Дуо","Басф",original,"Фунгіцид",kabrio-duo-basf
2052,"Капало","Басф",original,"Фунгіцид",kapalo-basf
2053,"Карамба","Басф",original,"Фунгіцид",karamba-basf
2054,"Колліс","Басф",original,"Фунгіцид",kollis-basf
2055,"Кумулюс ДФ","Басф",original,"Фунгіцид",kumulyus-df-basf
2056,"Малахiт","Басф",original,"Фунгіцид",malakhit-basf
2057,"Орвего,кс","Басф",original,"Фунгіцид",orveho-ks-basf
2058,"Осiрiс Про, КЕ","Басф",original,"Фунгіцид",osiris-pro-ke-basf
2059,"Полiрам ДФ","Басф",original,"Фунгіцид",poliram-df-basf
2060,"Пріаксор","Басф",original,"Фунгіцид",priaksor-basf
2061,"Пiктор ТОП, КС","Басф",original,"Фунгіцид",piktor-top-ks-basf
2062,"Пiктор, КС","Басф",original,"Фунгіцид",piktor-ks-basf
2063,"Ревікер, КЕ","Басф",original,"Фунгіцид",reviker-ke-basf
2064,"Ревіона","Басф",original,"Фунгіцид",reviona-basf
2065,"Рекс Дуо, КС","Басф",original,"Фунгіцид",reks-duo-ks-basf
2066,"Рекс Плюс, СЕ","Басф",original,"Фунгіцид",reks-plyus-se-basf
2067,"Рекс Про, СЕ","Басф",original,"Фунгіцид",reks-pro-se-basf
2068,"Серкадіс","Басф",original,"Фунгіцид",serkadis-basf
2069,"Серкадіс Плюс","Басф",original,"Фунгіцид",serkadis-plyus-basf
2070,"Стробi","Басф",original,"Фунгіцид",strobi-basf
2071,"Сiгнум","Басф",original,"Фунгіцид",sihnum-basf
2072,"Флексiтi","Басф",original,"Фунгіцид",fleksiti-basf
2073,"Абсолют","Дефенда",original,"Фунгіцид",absolyut-defenda
2074,"Дот","Дефенда",original,"Фунгіцид",dot-defenda
2075,"Камзол","Дефенда",original,"Фунгіцид",kamzol-defenda
2076,"Камзол Турбо","Дефенда",original,"Фунгіцид",kamzol-turbo-defenda
2077,"Кітч","Дефенда",original,"Фунгіцид",kitch-defenda
2078,"Меценат","Дефенда",original,"Фунгіцид",metsenat-defenda
2079,"Парацельс","Дефенда",original,"Фунгіцид",paratsels-defenda
2080,"Пегас","Дефенда",original,"Фунгіцид",pehas-defenda
2081,"Сальто","Дефенда",original,"Фунгіцид",salto-defenda
2082,"Спліт","Дефенда",original,"Фунгіцид",split-defenda
2083,"Спліт Дуо","Дефенда",original,"Фунгіцид",split-duo-defenda
2084,"Старк","Дефенда",original,"Фунгіцид",stark-defenda
2085,"Талер","Дефенда",original,"Фунгіцид",taler-defenda
2086,"Ультралін","Дефенда",original,"Фунгіцид",ultralin-defenda
2087,"Аканто Плюс","Кортева",original,"Фунгіцид",akanto-plyus-korteva
2088,"Вербен, КЕ","Кортева",original,"Фунгіцид",verben-ke-korteva
2089,"Віован, КЕ","Кортева",original,"Фунгіцид",viovan-ke-korteva
2090,"Дітан М-45","Кортева",original,"Фунгіцид",ditan-m-45-korteva
2091,"Зорвекс Вінабрія","Кортева",original,"Фунгіцид",zorveks-vinabriya-korteva
2092,"Зорвекс Інкантія","Кортева",original,"Фунгіцид",zorveks-inkantiya-korteva
2093,"Косайд 2000 в.г.","Кортева",original,"Фунгіцид",kosaid-2000-v-h-korteva
2094,"Курзат Р 44","Кортева",original,"Фунгіцид",kurzat-r-44-korteva
2095,"Талендо","Кортева",original,"Фунгіцид",talendo-korteva
2096,"Талiус","Кортева",original,"Фунгіцид",talius-korteva
2097,"Танос 50вг","Кортева",original,"Фунгіцид",tanos-50vh-korteva
2098,"Антал, ТН","Нертус",econom,"Фунгіцид",antal-tn-nertus
2099,"Беркут Форте, КЕ","Нертус",econom,"Фунгіцид",berkut-forte-ke-nertus
2100,"Беркут, КЕ","Нертус",econom,"Фунгіцид",berkut-ke-nertus
2101,"Брандер, КС","Нертус",econom,"Фунгіцид",brander-ks-nertus
2102,"Віртуоз, КЕ","Нертус",econom,"Фунгіцид",virtuoz-ke-nertus
2103,"Кіпер, КС","Нертус",econom,"Фунгіцид",kiper-ks-nertus
2104,"Рінкоцеб, з.п.","Нертус",econom,"Фунгіцид",rinkotseb-z-p-nertus
2105,"Скоразол, к.е.","Нертус",econom,"Фунгіцид",skorazol-k-e-nertus
2106,"Таурт, ТН","Нертус",econom,"Фунгіцид",taurt-tn-nertus
2107,"Тіома, КС","Нертус",econom,"Фунгіцид",tioma-ks-nertus
2108,"Тумен, ТН","Нертус",econom,"Фунгіцид",tumen-tn-nertus
2109,"Фіделіс, КС","Нертус",econom,"Фунгіцид",fidelis-ks-nertus
2110,"Флуафол, КС","Нертус",econom,"Фунгіцид",fluafol-ks-nertus
2111,"Фонтес ЗП","Нертус",econom,"Фунгіцид",fontes-zp-nertus
2112,"Шлях, КЕ NEW","Нертус",econom,"Фунгіцид",shlyakh-ke-new-nertus
2113,"БЛОК","Нопосон",econom,"Фунгіцид",blok-noposon
2114,"КАРБОН","Нопосон",econom,"Фунгіцид",karbon-noposon
2115,"ЛІКОРІС","Нопосон",econom,"Фунгіцид",likoris-noposon
2116,"Айріс, КЕ","Нуфарм",original,"Фунгіцид",airis-ke-nufarm
2117,"Джоуст Про","Нуфарм",original,"Фунгіцид",dzhoust-pro-nufarm
2118,"Купроксат","Нуфарм",original,"Фунгіцид",kuproksat-nufarm
2119,"Орбiт","Нуфарм",original,"Фунгіцид",orbit-nufarm
2120,"Орбiт Комбі","Нуфарм",original,"Фунгіцид",orbit-kombi-nufarm
2121,"Протеб, КЕ","Нуфарм",original,"Фунгіцид",proteb-ke-nufarm
2122,"Сієста Екстра","Нуфарм",original,"Фунгіцид",siyesta-ekstra-nufarm
2123,"Тейзер","Нуфарм",original,"Фунгіцид",teizer-nufarm
2124,"Чемп Ультра DP","Нуфарм",original,"Фунгіцид",chemp-ultra-dp-nufarm
2125,"Чемпiон, ВГ","Нуфарм",original,"Фунгіцид",chempion-vh-nufarm
2126,"Чемпiон, ЗП","Нуфарм",original,"Фунгіцид",chempion-zp-nufarm
2127,"Артемікс, КС","Самміт-Агро",original,"Фунгіцид",artemiks-ks-sammit-agro
2128,"Глорі, ВГ","Самміт-Агро",original,"Фунгіцид",hlori-vh-sammit-agro
2129,"Зепан, КС","Самміт-Агро",original,"Фунгіцид",zepan-ks-sammit-agro
2130,"Ікарус Турбо 430 ЕВ","Самміт-Агро",original,"Фунгіцид",ikarus-turbo-430-ev-sammit-agro
2131,"Каллатіс 280SC, КС","Самміт-Агро",original,"Фунгіцид",kallatis-280sc-ks-sammit-agro
2132,"Кармеліс, КС","Самміт-Агро",original,"Фунгіцид",karmelis-ks-sammit-agro
2133,"Манзат ВГ (манкоцеб)","Самміт-Агро",original,"Фунгіцид",manzat-vh-mankotseb-sammit-agro
2134,"Медян Eкстра 350 SC","Самміт-Агро",original,"Фунгіцид",medyan-ekstra-350-sc-sammit-agro
2135,"Мігіва, КС","Самміт-Агро",original,"Фунгіцид",mihiva-ks-sammit-agro
2136,"Мiлдiкат 25, КС","Самміт-Агро",original,"Фунгіцид",mildikat-25-ks-sammit-agro
2137,"Наутіл, ВГ","Самміт-Агро",original,"Фунгіцид",nautil-vh-sammit-agro
2138,"Парад, КС","Самміт-Агро",original,"Фунгіцид",parad-ks-sammit-agro
2139,"Ранман ТОП, КС","Самміт-Агро",original,"Фунгіцид",ranman-top-ks-sammit-agro
2140,"Топсин М 500, КС","Самміт-Агро",original,"Фунгіцид",topsyn-m-500-ks-sammit-agro
2141,"Топсiн-М 500, КС","Самміт-Агро",original,"Фунгіцид",topsin-m-500-ks-sammit-agro
2142,"Ультіма 250","Самміт-Агро",original,"Фунгіцид",ultima-250-sammit-agro
2143,"Хансі, КС","Самміт-Агро",original,"Фунгіцид",khansi-ks-sammit-agro
2144,"Ютака СЕ","Самміт-Агро",original,"Фунгіцид",yutaka-se-sammit-agro
2145,"Ямато СЕ","Самміт-Агро",original,"Фунгіцид",yamato-se-sammit-agro
2146,"Альто Супер 330 EC","Сингента",original,"Фунгіцид",alto-super-330-ec-synhenta
2147,"Амістар Екстра 280 SC","Сингента",original,"Фунгіцид",amistar-ekstra-280-sc-synhenta
2148,"Амiстар Голд 250","Сингента",original,"Фунгіцид",amistar-hold-250-synhenta
2149,"Геокс 50WG","Сингента",original,"Фунгіцид",heoks-50wg-synhenta
2150,"Дінали 90 DC","Сингента",original,"Фунгіцид",dinaly-90-dc-synhenta
2151,"Елатус РІА","Сингента",original,"Фунгіцид",elatus-ria-synhenta
2152,"Ізабiон","Сингента",original,"Фунгіцид",izabion-synhenta
2153,"Квадрис 250 SC кс","Сингента",original,"Фунгіцид",kvadrys-250-sc-ks-synhenta
2154,"Квадрис Топ 325 SC","Сингента",original,"Фунгіцид",kvadrys-top-325-sc-synhenta
2155,"Квантіс SL","Сингента",original,"Фунгіцид",kvantis-sl-synhenta
2156,"Магнелло 350","Сингента",original,"Фунгіцид",mahnello-350-synhenta
2157,"Міравіс 200 SС","Сингента",original,"Фунгіцид",miravis-200-ss-synhenta
2158,"Міравіс АСЕ SE","Сингента",original,"Фунгіцид",miravis-ase-se-synhenta
2159,"Міравіс МАХХ 325 SC","Сингента",original,"Фунгіцид",miravis-makhkh-325-sc-synhenta
2160,"Міравіс Нео 300 SЕ","Сингента",original,"Фунгіцид",miravis-neo-300-se-synhenta
2161,"Міравіс DUO SC","Сингента",original,"Фунгіцид",miravis-duo-sc-synhenta
2162,"Міравіс PRIME 400 SC","Сингента",original,"Фунгіцид",miravis-prime-400-sc-synhenta
2163,"Моддус 250ЕС","Сингента",original,"Фунгіцид",moddus-250es-synhenta
2164,"Орондіс EVO 262 SC","Сингента",original,"Фунгіцид",orondis-evo-262-sc-synhenta
2165,"Орондіс ULTRA 280 SC","Сингента",original,"Фунгіцид",orondis-ultra-280-sc-synhenta
2166,"Пергадо R 27WG","Сингента",original,"Фунгіцид",perhado-r-27wg-synhenta
2167,"Ревус ТОП 250 SC к.с.","Сингента",original,"Фунгіцид",revus-top-250-sc-k-s-synhenta
2168,"Рекванс Флекс 430WG","Сингента",original,"Фунгіцид",rekvans-fleks-430wg-synhenta
2169,"Ридомил голд  R WG","Сингента",original,"Фунгіцид",rydomyl-hold-r-wg-synhenta
2170,"Ридомил голд MZ 68WG","Сингента",original,"Фунгіцид",rydomyl-hold-mz-68wg-synhenta
2171,"Сайпрес 400ЕС","Сингента",original,"Фунгіцид",saipres-400es-synhenta
2172,"Свiтч 62,5 WG","Сингента",original,"Фунгіцид",svitch-62-5-wg-synhenta
2173,"Скор  250 ЕС","Сингента",original,"Фунгіцид",skor-250-es-synhenta
2174,"Спірале 475 EC","Сингента",original,"Фунгіцид",spirale-475-ec-synhenta
2175,"Таегро WP","Сингента",original,"Фунгіцид",taehro-wp-synhenta
2176,"Тілт Турбо","Сингента",original,"Фунгіцид",tilt-turbo-synhenta
2177,"Топаз 100 ЕС","Сингента",original,"Фунгіцид",topaz-100-es-synhenta
2178,"Тiовiт Джет 80WG","Сингента",original,"Фунгіцид",tiovit-dzhet-80wg-synhenta
2179,"Хорус 75 WG","Сингента",original,"Фунгіцид",khorus-75-wg-synhenta
2180,"Циделі ТОП 140 DC","Сингента",original,"Фунгіцид",tsydeli-top-140-dc-synhenta
2181,"Ширлан 500SC","Сингента",original,"Фунгіцид",shyrlan-500sc-synhenta
2182,"Юнiформ 446SE","Сингента",original,"Фунгіцид",yuniform-446se-synhenta
2183,"Голдазiм 500 к.с.","Терра Віта",original,"Фунгіцид",holdazim-500-k-s-terra-vita
2184,"Спрінтер 500 КЕ","Терра Віта",original,"Фунгіцид",sprinter-500-ke-terra-vita
2185,"Сiнекура 680ке","Терра Віта",original,"Фунгіцид",sinekura-680ke-terra-vita
2186,"Таффiн 320 КС","Терра Віта",original,"Фунгіцид",taffin-320-ks-terra-vita
2187,"Тебу Топ 250ке","Терра Віта",original,"Фунгіцид",tebu-top-250ke-terra-vita
2188,"Тебукур 250 ке","Терра Віта",original,"Фунгіцид",tebukur-250-ke-terra-vita
2189,"Тріафер Т 300 КС","Терра Віта",original,"Фунгіцид",triafer-t-300-ks-terra-vita
2190,"Фулгор 250 кс","Терра Віта",original,"Фунгіцид",fulhor-250-ks-terra-vita
2191,"Фулгор Голд 500","Терра Віта",original,"Фунгіцид",fulhor-hold-500-terra-vita
2192,"Харбор 320 КС","Терра Віта",original,"Фунгіцид",kharbor-320-ks-terra-vita
2193,"Акула, КЕ","Укравіт",premium,"Фунгіцид",akula-ke-ukravit
2194,"Антріал, КЕ NEW2026","Укравіт",premium,"Фунгіцид",antrial-ke-new2026-ukravit
2195,"Асгард, РК Новинка","Укравіт",premium,"Фунгіцид",ashard-rk-novynka-ukravit
2196,"Аякс, КС","Укравіт",premium,"Фунгіцид",ayaks-ks-ukravit
2197,"Вінат, КС NEW 2026","Укравіт",premium,"Фунгіцид",vinat-ks-new-2026-ukravit
2198,"Віоліс, КС","Укравіт",premium,"Фунгіцид",violis-ks-ukravit
2199,"Гарт, ЗП","Укравіт",premium,"Фунгіцид",hart-zp-ukravit
2200,"Дезарал Екстра, КС","Укравіт",premium,"Фунгіцид",dezaral-ekstra-ks-ukravit
2201,"Дезарал, КС","Укравіт",premium,"Фунгіцид",dezaral-ks-ukravit
2202,"Делавіт","Укравіт",premium,"Фунгіцид",delavit-ukravit
2203,"Джек Пот, КЕ","Укравіт",premium,"Фунгіцид",dzhek-pot-ke-ukravit
2204,"Захисник Екстра, КС","Укравіт",premium,"Фунгіцид",zakhysnyk-ekstra-ks-ukravit
2205,"Захисник, КС","Укравіт",premium,"Фунгіцид",zakhysnyk-ks-ukravit
2206,"Захист, ЗП","Укравіт",premium,"Фунгіцид",zakhyst-zp-ukravit
2207,"Інспір Голд, КЕ","Укравіт",premium,"Фунгіцид",inspir-hold-ke-ukravit
2208,"Капітал, КС","Укравіт",premium,"Фунгіцид",kapital-ks-ukravit
2209,"Каріоліс,ТН","Укравіт",premium,"Фунгіцид",kariolis-tn-ukravit
2210,"Лайвіт, ТН","Укравіт",premium,"Фунгіцид",laivit-tn-ukravit
2211,"Лексіон, ВГ NEW2026","Укравіт",premium,"Фунгіцид",leksion-vh-new2026-ukravit
2212,"Лікур, КЕ NEW2026","Укравіт",premium,"Фунгіцид",likur-ke-new2026-ukravit
2213,"Манвіт, ЗП","Укравіт",premium,"Фунгіцид",manvit-zp-ukravit
2214,"Рекорд, ТН","Укравіт",premium,"Фунгіцид",rekord-tn-ukravit
2215,"Рестлер Тріо, КС","Укравіт",premium,"Фунгіцид",restler-trio-ks-ukravit
2216,"Ріальт, КС","Укравіт",premium,"Фунгіцид",rialt-ks-ukravit
2217,"Самшит, КС","Укравіт",premium,"Фунгіцид",samshyt-ks-ukravit
2218,"Сінан, КС","Укравіт",premium,"Фунгіцид",sinan-ks-ukravit
2219,"Страж, КС","Укравіт",premium,"Фунгіцид",strazh-ks-ukravit
2220,"Супервін, КС","Укравіт",premium,"Фунгіцид",supervin-ks-ukravit
2221,"Ті Рекс, КЕ","Укравіт",premium,"Фунгіцид",ti-reks-ke-ukravit
2222,"Топ Ефект, КС","Укравіт",premium,"Фунгіцид",top-efekt-ks-ukravit
2223,"Тройсет, ВГ (Тріафіт)","Укравіт",premium,"Фунгіцид",troiset-vh-triafit-ukravit
2224,"Ультрасил Дуо, ТН","Укравіт",premium,"Фунгіцид",ultrasyl-duo-tn-ukravit
2225,"Ультрасил, ТН","Укравіт",premium,"Фунгіцид",ultrasyl-tn-ukravit
2226,"Унікаль МАКС, КС","Укравіт",premium,"Фунгіцид",unikal-maks-ks-ukravit
2227,"Унікаль, КС","Укравіт",premium,"Фунгіцид",unikal-ks-ukravit
2228,"Феномен, ВГ","Укравіт",premium,"Фунгіцид",fenomen-vh-ukravit
2229,"Фундазим, ЗП","Укравіт",premium,"Фунгіцид",fundazym-zp-ukravit
2230,"Цілитель, ЗП","Укравіт",premium,"Фунгіцид",tsilytel-zp-ukravit
2231,"Імпакт 500","ФМС",original,"Фунгіцид",impakt-500-fms
2232,"Імпакт Т","ФМС",original,"Фунгіцид",impakt-t-fms
2233,"Кодасайд","ФМС",original,"Фунгіцид",kodasaid-fms
2234,"Тремізія","ФМС",original,"Фунгіцид",tremiziya-fms
2235,"Імпакт К","Adama",original,"Фунгіцид",impakt-k-adama
2236,"Авідо, ТН","Alfa Smart Agro",premium,"Фунгіцид",avido-tn-alfa-smart-agro
2237,"Авіценна Плюс, ТН","Alfa Smart Agro",premium,"Фунгіцид",avitsenna-plyus-tn-alfa-smart-agro
2238,"Авіценна, СЕ","Alfa Smart Agro",premium,"Фунгіцид",avitsenna-se-alfa-smart-agro
2239,"Адарайв, КЕ","Alfa Smart Agro",premium,"Фунгіцид",adaraiv-ke-alfa-smart-agro
2240,"Альфа-Мідь, ЗП","Alfa Smart Agro",premium,"Фунгіцид",alfa-mid-zp-alfa-smart-agro
2241,"Альфа-Стандарт, КС","Alfa Smart Agro",premium,"Фунгіцид",alfa-standart-ks-alfa-smart-agro
2242,"Альфа-Тебузол, КЕ","Alfa Smart Agro",premium,"Фунгіцид",alfa-tebuzol-ke-alfa-smart-agro
2243,"Амікон, ЕВ","Alfa Smart Agro",premium,"Фунгіцид",amikon-ev-alfa-smart-agro
2244,"Анелас, КЕ","Alfa Smart Agro",premium,"Фунгіцид",anelas-ke-alfa-smart-agro
2245,"Артіс Плюс, КС","Alfa Smart Agro",premium,"Фунгіцид",artis-plyus-ks-alfa-smart-agro
2246,"Баррет, КЕ","Alfa Smart Agro",premium,"Фунгіцид",barret-ke-alfa-smart-agro
2247,"Болівар Форте, КС","Alfa Smart Agro",premium,"Фунгіцид",bolivar-forte-ks-alfa-smart-agro
2248,"Варос, КС","Alfa Smart Agro",premium,"Фунгіцид",varos-ks-alfa-smart-agro
2249,"Венцедор, ТН","Alfa Smart Agro",premium,"Фунгіцид",ventsedor-tn-alfa-smart-agro
2250,"Грейвіс, ЕВ","Alfa Smart Agro",premium,"Фунгіцид",hreivis-ev-alfa-smart-agro
2251,"ДОК Про, ЗП","Alfa Smart Agro",premium,"Фунгіцид",dok-pro-zp-alfa-smart-agro
2252,"Камелот, КЕ","Alfa Smart Agro",premium,"Фунгіцид",kamelot-ke-alfa-smart-agro
2253,"Кантаріс, ТН","Alfa Smart Agro",premium,"Фунгіцид",kantaris-tn-alfa-smart-agro
2254,"Кваліфай, КЕ","Alfa Smart Agro",premium,"Фунгіцид",kvalifai-ke-alfa-smart-agro
2255,"Корвізар М, КЕ","Alfa Smart Agro",premium,"Фунгіцид",korvizar-m-ke-alfa-smart-agro
2256,"Кросбі, СЕ","Alfa Smart Agro",premium,"Фунгіцид",krosbi-se-alfa-smart-agro
2257,"Релевант, КС","Alfa Smart Agro",premium,"Фунгіцид",relevant-ks-alfa-smart-agro
2258,"Ставарро, СЕ","Alfa Smart Agro",premium,"Фунгіцид",stavarro-se-alfa-smart-agro
2259,"Стеліум Ультра, ТН","Alfa Smart Agro",premium,"Фунгіцид",stelium-ultra-tn-alfa-smart-agro
2260,"Тезис, КС","Alfa Smart Agro",premium,"Фунгіцид",tezys-ks-alfa-smart-agro
2261,"Теквіл, КЕ","Alfa Smart Agro",premium,"Фунгіцид",tekvil-ke-alfa-smart-agro
2262,"Теламус, КС","Alfa Smart Agro",premium,"Фунгіцид",telamus-ks-alfa-smart-agro
2263,"Фенікс Дуо, КС","Alfa Smart Agro",premium,"Фунгіцид",feniks-duo-ks-alfa-smart-agro
2264,"Фенікс, КС","Alfa Smart Agro",premium,"Фунгіцид",feniks-ks-alfa-smart-agro
2265,"Хеллер, КС","Alfa Smart Agro",premium,"Фунгіцид",kheller-ks-alfa-smart-agro
2266,"АЦИДАН, ЗП","Himagro",econom,"Фунгіцид",atsydan-zp-himagro
2267,"БАЙЗАФОН, ЗП","Himagro",econom,"Фунгіцид",baizafon-zp-himagro
2268,"БРЕДЛІ","Himagro",econom,"Фунгіцид",bredli-himagro
2269,"БРОДВЕЙ, КС","Himagro",econom,"Фунгіцид",brodvei-ks-himagro
2270,"ДОКТОР КРОП, КС","Himagro",econom,"Фунгіцид",doktor-krop-ks-himagro
2271,"ЕФАТОЛ, ЗП","Himagro",econom,"Фунгіцид",efatol-zp-himagro
2272,"Жокей Екстра, КС","Himagro",econom,"Фунгіцид",zhokei-ekstra-ks-himagro
2273,"Лайфсул, ВГ","Himagro",econom,"Фунгіцид",laifsul-vh-himagro
2274,"МЕТАКАРБ, КС","Himagro",econom,"Фунгіцид",metakarb-ks-himagro
2275,"МЕТЕОР, ЗП","Himagro",econom,"Фунгіцид",meteor-zp-himagro
2276,"СНУКЕР, КС","Himagro",econom,"Фунгіцид",snuker-ks-himagro
2277,"ТЕБУФОР, КЕ","Himagro",econom,"Фунгіцид",tebufor-ke-himagro
2278,"ТІОФЕН","Himagro",econom,"Фунгіцид",tiofen-himagro
2279,"ТІОФЕН ЕКСТРА, ЗП","Himagro",econom,"Фунгіцид",tiofen-ekstra-zp-himagro
2280,"ТОНУС, КЕ","Himagro",econom,"Фунгіцид",tonus-ke-himagro
2281,"УНІВЕРСАЛ, ЗП","Himagro",econom,"Фунгіцид",universal-zp-himagro
2282,"ФІТОЛІКАР, КС","Himagro",econom,"Фунгіцид",fitolikar-ks-himagro
2283,"ФРЕГАТ, КС","Himagro",econom,"Фунгіцид",frehat-ks-himagro
2284,"ФУЗАРИН, КС","Himagro",econom,"Фунгіцид",fuzaryn-ks-himagro
2285,"Аперол, КЕ","PEST.UA",econom,"Фунгіцид",aperol-ke-pest-ua
2286,"Геймер, КС","PEST.UA",econom,"Фунгіцид",heimer-ks-pest-ua
2287,"Медіан, ТН","PEST.UA",econom,"Фунгіцид",median-tn-pest-ua
2288,"Тетріс","PEST.UA",econom,"Фунгіцид",tetris-pest-ua
2289,"Блу Бордо Дисперс, в.г.","UPL",original,"Фунгіцид",blu-bordo-dyspers-v-h-upl
2290,"Короза, ЕВ","UPL",original,"Фунгіцид",koroza-ev-upl
2291,"Малвін","UPL",original,"Фунгіцид",malvin-upl
2292,"Мікротіол Спеціал, в.г.","UPL",original,"Фунгіцид",mikrotiol-spetsial-v-h-upl
3001,"Аполло KC","Адама",original,"Інсектицид",apollo-kc-adama
3002,"Аркеро КС","Адама",original,"Інсектицид",arkero-ks-adama
3003,"Галіл КС","Адама",original,"Інсектицид",halil-ks-adama
3004,"Інверт КЕ","Адама",original,"Інсектицид",invert-ke-adama
3005,"Корморан КЕ","Адама",original,"Інсектицид",kormoran-ke-adama
3006,"Ламдекс CK","Адама",original,"Інсектицид",lamdeks-ck-adama
3007,"Маврiк EB","Адама",original,"Інсектицид",mavrik-eb-adama
3008,"Пiрiнекс Cупер KE","Адама",original,"Інсектицид",pirineks-cuper-ke-adama
3009,"Рiмон Фаст КС","Адама",original,"Інсектицид",rimon-fast-ks-adama
3010,"Цезар KE","Адама",original,"Інсектицид",tsezar-ke-adama
3011,"Белт 480 SC, КС","Байер",original,"Інсектицид",belt-480-sc-ks-baier
3012,"Біскайя 240 OD","Байер",original,"Інсектицид",biskaiya-240-od-baier
3013,"Вайєго 200SC, КС","Байер",original,"Інсектицид",vaiyeho-200sc-ks-baier
3014,"Децис 100 ЕС, КЕ","Байер",original,"Інсектицид",detsys-100-es-ke-baier
3015,"Каліпсо 480 SC","Байер",original,"Інсектицид",kalipso-480-sc-baier
3016,"Коннект 112,5 SC, КС","Байер",original,"Інсектицид",konnekt-112-5-sc-ks-baier
3017,"Конфiдор 200SL, РК","Байер",original,"Інсектицид",konfidor-200sl-rk-baier
3018,"Мовенто 100SC, КС","Байер",original,"Інсектицид",movento-100sc-ks-baier
3019,"Оберон Рапід","Байер",original,"Інсектицид",oberon-rapid-baier
3020,"Протеус 110OD, МД","Байер",original,"Інсектицид",proteus-110od-md-baier
3021,"Сіванто Енерджі 85ЕС, РК","Байер",original,"Інсектицид",sivanto-enerdzhi-85es-rk-baier
3022,"Сіванто Прайм 200SL, РК","Байер",original,"Інсектицид",sivanto-praim-200sl-rk-baier
3023,"Номолт к.с.","Басф",original,"Інсектицид",nomolt-k-s-basf
3024,"Регент 20 G","Басф",original,"Інсектицид",rehent-20-g-basf
3025,"Фастак 100","Басф",original,"Інсектицид",fastak-100-basf
3026,"Альтрон","Дефенда",original,"Інсектицид",altron-defenda
3027,"Альфа Супер","Дефенда",original,"Інсектицид",alfa-super-defenda
3028,"Атік","Дефенда",original,"Інсектицид",atik-defenda
3029,"Бомбардир","Дефенда",original,"Інсектицид",bombardyr-defenda
3030,"Бомбардир Аква","Дефенда",original,"Інсектицид",bombardyr-akva-defenda
3031,"Бомбардир Дуо","Дефенда",original,"Інсектицид",bombardyr-duo-defenda
3032,"Кайрос","Дефенда",original,"Інсектицид",kairos-defenda
3033,"Миральд","Дефенда",original,"Інсектицид",myrald-defenda
3034,"Октант","Дефенда",original,"Інсектицид",oktant-defenda
3035,"Октант Турбо","Дефенда",original,"Інсектицид",oktant-turbo-defenda
3036,"Престо","Дефенда",original,"Інсектицид",presto-defenda
3037,"Просенс","Дефенда",original,"Інсектицид",prosens-defenda
3038,"Синерид","Дефенда",original,"Інсектицид",syneryd-defenda
3039,"Твікс","Дефенда",original,"Інсектицид",tviks-defenda
3040,"Циркуль","Дефенда",original,"Інсектицид",tsyrkul-defenda
3041,"Джеронімо","Кортева",original,"Інсектицид",dzheronimo-korteva
3042,"Радіант","Кортева",original,"Інсектицид",radiant-korteva
3043,"Ріджбек","Кортева",original,"Інсектицид",ridzhbek-korteva
3044,"Трансформ, ВГ","Кортева",original,"Інсектицид",transform-vh-korteva
3045,"Боксер, КС","Нертус",econom,"Інсектицид",bokser-ks-nertus
3046,"Готіка, КС","Нертус",econom,"Інсектицид",hotika-ks-nertus
3047,"Кайзер","Нертус",econom,"Інсектицид",kaizer-nertus
3048,"Контадор Дуо, КС","Нертус",econom,"Інсектицид",kontador-duo-ks-nertus
3049,"Контадор Макси, ТН","Нертус",econom,"Інсектицид",kontador-maksy-tn-nertus
3050,"Президен, КС","Нертус",econom,"Інсектицид",prezyden-ks-nertus
3051,"Тіара, ВГ","Нертус",econom,"Інсектицид",tiara-vh-nertus
3052,"Торсіда, КЕ","Нертус",econom,"Інсектицид",torsida-ke-nertus
3053,"Фатрін КЕ","Нертус",econom,"Інсектицид",fatrin-ke-nertus
3054,"Шаман, КЕ","Нертус",econom,"Інсектицид",shaman-ke-nertus
3055,"АКІНАК","Нопосон",econom,"Інсектицид",akinak-noposon
3056,"НІРВАНА","Нопосон",econom,"Інсектицид",nirvana-noposon
3057,"Кайзо","Нуфарм",original,"Інсектицид",kaizo-nufarm
3058,"Кайзо ПРО","Нуфарм",original,"Інсектицид",kaizo-pro-nufarm
3059,"Карнадін","Нуфарм",original,"Інсектицид",karnadin-nufarm
3060,"Акарамік, КЕ","Самміт-Агро",original,"Інсектицид",akaramik-ke-sammit-agro
3061,"Аплауд, КС","Самміт-Агро",original,"Інсектицид",aplaud-ks-sammit-agro
3062,"Балазо к.е.(бiфентрiн)","Самміт-Агро",original,"Інсектицид",balazo-k-e-bifentrin-sammit-agro
3063,"Іназума, ВГ","Самміт-Агро",original,"Інсектицид",inazuma-vh-sammit-agro
3064,"Лексикон, КС","Самміт-Агро",original,"Інсектицид",leksykon-ks-sammit-agro
3065,"Моспiлан, ВП (2*200г)","Самміт-Агро",original,"Інсектицид",mospilan-vp-2-200h-sammit-agro
3066,"Нiссоран, ЗП","Самміт-Агро",original,"Інсектицид",nissoran-zp-sammit-agro
3067,"Санмайт, ЗП","Самміт-Агро",original,"Інсектицид",sanmait-zp-sammit-agro
3068,"Сілкер, КЕ","Самміт-Агро",original,"Інсектицид",silker-ke-sammit-agro
3069,"Теппекі, ВГ","Самміт-Агро",original,"Інсектицид",teppeki-vh-sammit-agro
3070,"Актара 25 WG","Сингента",original,"Інсектицид",aktara-25-wg-synhenta
3071,"Амплiго 150ZC","Сингента",original,"Інсектицид",ampliho-150zc-synhenta
3072,"Вердавіс 250 ZС","Сингента",original,"Інсектицид",verdavis-250-zs-synhenta
3073,"Вертiмек 018 ЕС","Сингента",original,"Інсектицид",vertimek-018-es-synhenta
3074,"Вертiмек НЕО 018 ЕС","Сингента",original,"Інсектицид",vertimek-neo-018-es-synhenta
3075,"Волiам флексi300 SC","Сингента",original,"Інсектицид",voliam-fleksi300-sc-synhenta
3076,"Енжіо 247 SC","Сингента",original,"Інсектицид",enzhio-247-sc-synhenta
3077,"Карате 050ЕС","Сингента",original,"Інсектицид",karate-050es-synhenta
3078,"Карате Зеон 050 CS","Сингента",original,"Інсектицид",karate-zeon-050-cs-synhenta
3079,"Лірум 78 SC","Сингента",original,"Інсектицид",lirum-78-sc-synhenta
3080,"Люфокс 105 ЕС ке","Сингента",original,"Інсектицид",lyufoks-105-es-ke-synhenta
3081,"Матч 050 ЕС","Сингента",original,"Інсектицид",match-050-es-synhenta
3082,"Пленум WG","Сингента",original,"Інсектицид",plenum-wg-synhenta
3083,"Проклейм 5SG","Сингента",original,"Інсектицид",prokleim-5sg-synhenta
3084,"Форс 1,5G","Сингента",original,"Інсектицид",fors-1-5g-synhenta
3085,"Бестселлер Турбо 200 к.с.","Терра Віта",original,"Інсектицид",bestseller-turbo-200-k-s-terra-vita
3086,"Вамп 200 ВП","Терра Віта",original,"Інсектицид",vamp-200-vp-terra-vita
3087,"Вамп 200 Дуо КС","Терра Віта",original,"Інсектицид",vamp-200-duo-ks-terra-vita
3088,"Кассент 400КС","Терра Віта",original,"Інсектицид",kassent-400ks-terra-vita
3089,"Суперкіл","Терра Віта",original,"Інсектицид",superkil-terra-vita
3090,"Антигусинь, КС","Укравіт",premium,"Інсектицид",antyhusyn-ks-ukravit
3091,"Антикліщ МАКС, КЕ","Укравіт",premium,"Інсектицид",antyklishch-maks-ke-ukravit
3092,"Антиколорад МАКС, КС","Укравіт",premium,"Інсектицид",antykolorad-maks-ks-ukravit
3093,"Антихрущ,КС","Укравіт",premium,"Інсектицид",antykhrushch-ks-ukravit
3094,"АЦ Люкс Ліквід, ЗП","Укравіт",premium,"Інсектицид",ats-lyuks-likvid-zp-ukravit
3095,"АЦ Люкс, ЗП","Укравіт",premium,"Інсектицид",ats-lyuks-zp-ukravit
3096,"Бельвін, КС","Укравіт",premium,"Інсектицид",belvin-ks-ukravit
3097,"Венон, КС","Укравіт",premium,"Інсектицид",venon-ks-ukravit
3098,"Димевіт, КЕ","Укравіт",premium,"Інсектицид",dymevit-ke-ukravit
3099,"Екзор,ТН","Укравіт",premium,"Інсектицид",ekzor-tn-ukravit
3100,"Ескаліп, КС","Укравіт",premium,"Інсектицид",eskalip-ks-ukravit
3101,"Ландін, ТН","Укравіт",premium,"Інсектицид",landin-tn-ukravit
3102,"Лювітор, КС","Укравіт",premium,"Інсектицид",lyuvitor-ks-ukravit
3103,"Люкс Максі, КС","Укравіт",premium,"Інсектицид",lyuks-maksi-ks-ukravit
3104,"Матадор, ТН","Укравіт",premium,"Інсектицид",matador-tn-ukravit
3105,"Тендор, ВГ NEW 2026","Укравіт",premium,"Інсектицид",tendor-vh-new-2026-ukravit
3106,"Туріл, ВГ","Укравіт",premium,"Інсектицид",turil-vh-ukravit
3107,"Фас","Укравіт",premium,"Інсектицид",fas-ukravit
3108,"ХімАрс (АТО ЖУК)","Укравіт",premium,"Інсектицид",khimars-ato-zhuk-ukravit
3109,"Хлорпірівіт-агро, КЕ","Укравіт",premium,"Інсектицид",khlorpirivit-ahro-ke-ukravit
3110,"Вантакор","ФМС",original,"Інсектицид",vantakor-fms
3111,"Вантекс","ФМС",original,"Інсектицид",vanteks-fms
3112,"Верімарк","ФМС",original,"Інсектицид",verimark-fms
3113,"Данадим Мікс,  к.е","ФМС",original,"Інсектицид",danadym-miks-k-e-fms
3114,"Джалентра","ФМС",original,"Інсектицид",dzhalentra-fms
3115,"Ексірель 10% с.е","ФМС",original,"Інсектицид",eksirel-10-s-e-fms
3116,"Кораген","ФМС",original,"Інсектицид",korahen-fms
3117,"Простор","ФМС",original,"Інсектицид",prostor-fms
3118,"Талстар","ФМС",original,"Інсектицид",talstar-fms
3119,"Фуфанон","ФМС",original,"Інсектицид",fufanon-fms
3120,"Актуал, КЕ","Alfa Smart Agro",premium,"Інсектицид",aktual-ke-alfa-smart-agro
3121,"Амбір, СК","Alfa Smart Agro",premium,"Інсектицид",ambir-sk-alfa-smart-agro
3122,"Арданіс, СК","Alfa Smart Agro",premium,"Інсектицид",ardanis-sk-alfa-smart-agro
3123,"Віарес, КС","Alfa Smart Agro",premium,"Інсектицид",viares-ks-alfa-smart-agro
3124,"Залп, КЕ","Alfa Smart Agro",premium,"Інсектицид",zalp-ke-alfa-smart-agro
3125,"Клондайк, ТН","Alfa Smart Agro",premium,"Інсектицид",klondaik-tn-alfa-smart-agro
3126,"Командор Гранд, ТН","Alfa Smart Agro",premium,"Інсектицид",komandor-hrand-tn-alfa-smart-agro
3127,"Командор Екстра, ТН","Alfa Smart Agro",premium,"Інсектицид",komandor-ekstra-tn-alfa-smart-agro
3128,"Логус, КС","Alfa Smart Agro",premium,"Інсектицид",lohus-ks-alfa-smart-agro
3129,"Лонгас, ЗП","Alfa Smart Agro",premium,"Інсектицид",lonhas-zp-alfa-smart-agro
3130,"Наповал, КС","Alfa Smart Agro",premium,"Інсектицид",napoval-ks-alfa-smart-agro
3131,"Нокаут Екстра, КС","Alfa Smart Agro",premium,"Інсектицид",nokaut-ekstra-ks-alfa-smart-agro
3132,"Разит, КС","Alfa Smart Agro",premium,"Інсектицид",razyt-ks-alfa-smart-agro
3133,"Сінтак, КС","Alfa Smart Agro",premium,"Інсектицид",sintak-ks-alfa-smart-agro
3134,"СуперБізон, КЕ","Alfa Smart Agro",premium,"Інсектицид",superbizon-ke-alfa-smart-agro
3135,"Флайп, КС","Alfa Smart Agro",premium,"Інсектицид",flaip-ks-alfa-smart-agro
3136,"ГЕКСОРАН, КС","Himagro",econom,"Інсектицид",heksoran-ks-himagro
3137,"ЗЕНІТ, РК","Himagro",econom,"Інсектицид",zenit-rk-himagro
3138,"КОЛОРИТ","Himagro",econom,"Інсектицид",koloryt-himagro
3139,"НЬЮСТАР","Himagro",econom,"Інсектицид",nyustar-himagro
3140,"ОПЕРКОТ АКРО, КЕ","Himagro",econom,"Інсектицид",operkot-akro-ke-himagro
3141,"РАНЧО, КС","Himagro",econom,"Інсектицид",rancho-ks-himagro
3142,"ТАУРУС, ЗП","Himagro",econom,"Інсектицид",taurus-zp-himagro
3143,"ФАРАОН, КЕ","Himagro",econom,"Інсектицид",faraon-ke-himagro
3144,"ФОСТРАН, КЕ","Himagro",econom,"Інсектицид",fostran-ke-himagro
3145,"Альберто,ТН","PEST.UA",econom,"Інсектицид",alberto-tn-pest-ua
3146,"Андерс, КЕ","PEST.UA",econom,"Інсектицид",anders-ke-pest-ua
3147,"Лайнер, ТН","PEST.UA",econom,"Інсектицид",lainer-tn-pest-ua
3148,"Лютер, КЕ","PEST.UA",econom,"Інсектицид",lyuter-ke-pest-ua
3149,"Форинт, КЕ","PEST.UA",econom,"Інсектицид",forynt-ke-pest-ua
3150,"Вепо","UPL",original,"Інсектицид",vepo-upl
3151,"Версар, КЕ (Суперкіл)","UPL",original,"Інсектицид",versar-ke-superkil-upl
4001,"Еко Ойл Спрей","Адама",original,"Протруйник",eko-oil-sprei-adama
4002,"Сферіко ТН","Адама",original,"Протруйник",sferiko-tn-adama
4003,"Еместо Сільвер","Байер",original,"Протруйник",emesto-silver-baier
4004,"Еместo Квантум 273,5 FS, ТН","Байер",original,"Протруйник",emesto-kvantum-273-5-fs-tn-baier
4005,"Редіго М 120FS","Байер",original,"Протруйник",rediho-m-120fs-baier
4006,"Февер","Байер",original,"Протруйник",fever-baier
4007,"Детер","Басф",original,"Протруйник",deter-basf
4008,"Іншур Перформ т.к.с","Басф",original,"Протруйник",inshur-perform-t-k-s-basf
4009,"Кiнто Дуо, КС","Басф",original,"Протруйник",kinto-duo-ks-basf
4010,"Кiнто Плюс","Басф",original,"Протруйник",kinto-plyus-basf
4011,"Мерівон Про","Басф",original,"Протруйник",merivon-pro-basf
4012,"Систiва т.н","Басф",original,"Протруйник",systiva-t-n-basf
4013,"Стандак ТОП","Басф",original,"Протруйник",standak-top-basf
4014,"Арес","Дефенда",original,"Протруйник",ares-defenda
4015,"Бастіон","Дефенда",original,"Протруйник",bastion-defenda
4016,"Латіна","Дефенда",original,"Протруйник",latina-defenda
4017,"Метакса","Дефенда",original,"Протруйник",metaksa-defenda
4018,"Фуксія","Дефенда",original,"Протруйник",fuksiya-defenda
4019,"Хлорис","Дефенда",original,"Протруйник",khlorys-defenda
4020,"Лумівія","Кортева",original,"Протруйник",lumiviya-korteva
4021,"Лумісена","Кортева",original,"Протруйник",lumisena-korteva
4022,"Лумітрео","Кортева",original,"Протруйник",lumitreo-korteva
4023,"Луміфлекс","Кортева",original,"Протруйник",lumifleks-korteva
4024,"Тібарі","Кортева",original,"Протруйник",tibari-korteva
4025,"Бакаш, ТН","Нертус",econom,"Протруйник",bakash-tn-nertus
4026,"Тринаванта, ТН","Нертус",econom,"Протруйник",trynavata-tn-nertus
4027,"БРИГІД","Нопосон",econom,"Протруйник",bryhid-noposon
4028,"Нупрiд 600","Нуфарм",original,"Протруйник",nuprid-600-nufarm
4029,"Вінцит 050SC, КС","Самміт-Агро",original,"Протруйник",vintsyt-050sc-ks-sammit-agro
4030,"Актелік 500EC","Сингента",original,"Протруйник",aktelik-500ec-synhenta
4031,"Апрон XL 350 FS","Сингента",original,"Протруйник",apron-xl-350-fs-synhenta
4032,"Атува 4*4","Сингента",original,"Протруйник",atuva-4-4-synhenta
4033,"Вайбранс Интеграл 235FS","Сингента",original,"Протруйник",vaibrans-yntehral-235fs-synhenta
4034,"Вайбранс PREMIUM 90FS","Сингента",original,"Протруйник",vaibrans-premium-90fs-synhenta
4035,"Вайбранс RFS 112,5FS","Сингента",original,"Протруйник",vaibrans-rfs-112-5fs-synhenta
4036,"Вайбранс TRIO 60FS","Сингента",original,"Протруйник",vaibrans-trio-60fs-synhenta
4037,"Віксеран25*250","Сингента",original,"Протруйник",vikseran25-250-synhenta
4038,"Дівідент Стар 036","Сингента",original,"Протруйник",divident-star-036-synhenta
4039,"Круізер 350 FS","Сингента",original,"Протруйник",kruizer-350-fs-synhenta
4040,"Круiзер OSR 322 FS","Сингента",original,"Протруйник",kruizer-osr-322-fs-synhenta
4041,"Максим 025 FS","Сингента",original,"Протруйник",maksym-025-fs-synhenta
4042,"Максим форте 050 FS","Сингента",original,"Протруйник",maksym-forte-050-fs-synhenta
4043,"Максім XL 035 FS","Сингента",original,"Протруйник",maksim-xl-035-fs-synhenta
4044,"Премакс","Сингента",original,"Протруйник",premaks-synhenta
4045,"Селест МАХХ 165 FS","Сингента",original,"Протруйник",selest-makhkh-165-fs-synhenta
4046,"Селест Топ 312,5 FS","Сингента",original,"Протруйник",selest-top-312-5-fs-synhenta
4047,"Даліла 600 ТН","Терра Віта",original,"Протруйник",dalila-600-tn-terra-vita
4048,"Пассаж 190ТН","Терра Віта",original,"Протруйник",passazh-190tn-terra-vita
4049,"Баріон,ЕН","Укравіт",premium,"Протруйник",barion-en-ukravit
4050,"Паскаль, ТН","Укравіт",premium,"Протруйник",paskal-tn-ukravit
4051,"Вінцит Форте","ФМС",original,"Протруйник",vintsyt-forte-fms
4052,"Пікус 600","ФМС",original,"Протруйник",pikus-600-fms
4053,"БАКТОЛАЙВ СІД, ЗП","Himagro",econom,"Протруйник",baktolaiv-sid-zp-himagro
4054,"БІМАКС, ТН","Himagro",econom,"Протруйник",bimaks-tn-himagro
4055,"НІТРОГЕН КВІК, РК","Himagro",econom,"Протруйник",nitrohen-kvik-rk-himagro
4056,"НІТРОГЕН Т, ЗП","Himagro",econom,"Протруйник",nitrohen-t-zp-himagro
4057,"НОМІНАЛ УЛЬТРА, ТН","Himagro",econom,"Протруйник",nominal-ultra-tn-himagro
4058,"СИДГАРД, ТН","Himagro",econom,"Протруйник",sydhard-tn-himagro
4059,"ТЕБУЗАН УЛЬТРА, ТН","Himagro",econom,"Протруйник",tebuzan-ultra-tn-himagro
4060,"ТІАБЕН Т, ТН","Himagro",econom,"Протруйник",tiaben-t-tn-himagro
4061,"ТРІОЛАН, ТН","Himagro",econom,"Протруйник",triolan-tn-himagro
4062,"Вітавакс","UPL",original,"Протруйник",vitavaks-upl
5001,"Диквалан","Дефенда",original,"Десикант",dykvalan-defenda
5002,"Диквалан Макс","Дефенда",original,"Десикант",dykvalan-maks-defenda
5003,"Реглон АІР 200","Сингента",original,"Десикант",rehlon-air-200-synhenta
5004,"Реглон Форте 200","Сингента",original,"Десикант",rehlon-forte-200-synhenta
5005,"Десикант Ейр, РК","Укравіт",premium,"Десикант",desykant-eir-rk-ukravit
5006,"Десикант Макс, РК","Укравіт",premium,"Десикант",desykant-maks-rk-ukravit
5007,"Десикант, РК","Укравіт",premium,"Десикант",desykant-rk-ukravit
5008,"Альфа-Дикват Форте, РК","Alfa Smart Agro",premium,"Десикант",alfa-dykvat-forte-rk-alfa-smart-agro
5009,"Альфа-Дикват, РК","Alfa Smart Agro",premium,"Десикант",alfa-dykvat-rk-alfa-smart-agro
5010,"ДИКВАТ, РК","Himagro",econom,"Десикант",dykvat-rk-himagro
5011,"МЕГА ДИКВАТ, РК","Himagro",econom,"Десикант",meha-dykvat-rk-himagro
5012,"Батман, РК","PEST.UA",econom,"Десикант",batman-rk-pest-ua
6001,"Аміно Ксеріон","Адама",original,"Регулятор росту",amino-kserion-adama
6002,"Експерт Гроу","Адама",original,"Регулятор росту",ekspert-hrou-adama
6003,"Кальма КЕ","Адама",original,"Регулятор росту",kalma-ke-adama
6004,"Цикоган РК","Адама",original,"Регулятор росту",tsykohan-rk-adama
6005,"Церон 480 SL, РК","Байер",original,"Регулятор росту",tseron-480-sl-rk-baier
6006,"Медакс ТОП, КС","Басф",original,"Регулятор росту",medaks-top-ks-basf
6007,"Регалiс Плюс","Басф",original,"Регулятор росту",rehalis-plyus-basf
6008,"Терпал РК","Басф",original,"Регулятор росту",terpal-rk-basf
6009,"Тава","Дефенда",original,"Регулятор росту",tava-defenda
6010,"Стімулейт","Кортева",original,"Регулятор росту",stimuleit-korteva
6011,"Кампосан eкстра SL","Нуфарм",original,"Регулятор росту",kamposan-ekstra-sl-nufarm
6012,"Мокса 250","Нуфарм",original,"Регулятор росту",moksa-250-nufarm
6013,"Стабiлан 750 SL","Нуфарм",original,"Регулятор росту",stabilan-750-sl-nufarm
6014,"Еріні, КЕ","Самміт-Агро",original,"Регулятор росту",erini-ke-sammit-agro
6015,"Келпак РК","Терра Віта",original,"Регулятор росту",kelpak-rk-terra-vita
6016,"Меквалан 750 РК","Терра Віта",original,"Регулятор росту",mekvalan-750-rk-terra-vita
6017,"Брілон,РК","Укравіт",premium,"Регулятор",brilon-rk-ukravit
6018,"Гулівер РК (Берегиня)","Укравіт",premium,"Регулятор",huliver-rk-berehynya-ukravit
6019,"Альфа-Етафон, РК","Alfa Smart Agro",premium,"Регулятор",alfa-etafon-rk-alfa-smart-agro
6020,"АКУРА","Himagro",econom,"Регулятор",akura-himagro
6021,"СТОПРОСТ, РК *","Himagro",econom,"Регулятор",stoprost-rk-himagro
6022,"Рутер, РК","UPL",original,"Регулятор росту",ruter-rk-upl
7001,"Бiопауер","Байер",original,"Адʼювант",biopauer-baier
7002,"Меро КЕ","Байер",original,"Адʼювант",mero-ke-baier
7003,"Метолат","Басф",original,"Адʼювант",metolat-basf
7004,"Сулфат Амонію","Басф",original,"Адʼювант",sulfat-amoniyu-basf
7005,"Турбо","Басф",original,"Адʼювант",turbo-basf
7006,"Супер-Мачо","Дефенда",original,"Адʼювант",super-macho-defenda
7007,"Біофорж","Кортева",original,"Адʼювант",bioforzh-korteva
7008,"Віволт","Кортева",original,"Адʼювант",vivolt-korteva
7009,"Тренд 90","Сингента",original,"Адʼювант",trend-90-synhenta
7010,"ПАВ Вопро Вет","Терра Віта",original,"Адʼювант",pav-vopro-vet-terra-vita
7011,"ПАВ Вопро Голд","Терра Віта",original,"Адʼювант",pav-vopro-hold-terra-vita
7012,"ПАВ Максимум","Терра Віта",original,"Адʼювант",pav-maksymum-terra-vita
7013,"ПАВ Саф","Терра Віта",original,"Адʼювант",pav-saf-terra-vita
7014,"Айворі плюс","Укравіт",premium,"Адʼювант",aivori-plyus-ukravit
7015,"Інгрес, адьювант","Укравіт",premium,"Адʼювант",inhres-adyuvant-ukravit
7016,"Рапс-клей, КЕ","Укравіт",premium,"Адʼювант",raps-klei-ke-ukravit
7017,"Супресор, піногасник","Укравіт",premium,"Адʼювант",supresor-pinohasnyk-ukravit
7018,"Ол Клиар Екстра","ФМС",original,"Адʼювант",ol-klyar-ekstra-fms
7019,"Тренд 90","ФМС",original,"Адʼювант",trend-90-fms
7020,"Альфалип Екстра, РК","Alfa Smart Agro",premium,"Адʼювант",alfalyp-ekstra-rk-alfa-smart-agro
7021,"Альфалип, РК","Alfa Smart Agro",premium,"Адʼювант",alfalyp-rk-alfa-smart-agro
7022,"Бустер, РК","Alfa Smart Agro",premium,"Адʼювант",buster-rk-alfa-smart-agro
7023,"Омега Екстра, КЕ","Alfa Smart Agro",premium,"Адʼювант",omeha-ekstra-ke-alfa-smart-agro
7024,"Піноль, ЕВ","Alfa Smart Agro",premium,"Адʼювант",pinol-ev-alfa-smart-agro
7025,"Сігма, РК","Alfa Smart Agro",premium,"Адʼювант",sihma-rk-alfa-smart-agro
7026,"Цивік, ВК","Alfa Smart Agro",premium,"Адʼювант",tsyvik-vk-alfa-smart-agro
7027,"БОНА ПЛЮС, РК","Himagro",econom,"Адʼювант",bona-plyus-rk-himagro
7028,"БОНА СУПЕРВЕТ, РК","Himagro",econom,"Адʼювант",bona-supervet-rk-himagro
7029,"ПОЛІАМІН, ВР","Himagro",econom,"Адʼювант",poliamin-vr-himagro-2
7030,"ПРОЛІФ","Himagro",econom,"Адʼювант",prolif-himagro
7031,"Супер Р-оіл, К","Himagro",econom,"Адʼювант",super-oil-k-himagro
7032,"Кайт, РК","PEST.UA",econom,"Адʼювант",kait-rk-pest-ua
7033,"Сільвет Голд","UPL",original,"Адʼювант",silvet-hold-upl
8001,"Фосміній, табл.","Нертус",econom,"Родентицид",fosminii-tabl-nertus
8002,"МЕГАЛИП ПАУЕР","Нопосон",econom,"Родентицид",mehalyp-pauer-noposon
8003,"Талон RB (PELLETS)","Сингента",original,"Родентицид",talon-rb-pellets-synhenta
8004,"Талон RB (WAX BLOCK)","Сингента",original,"Родентицид",talon-rb-wax-block-synhenta
8005,"Бромакем ПР","Терра Віта",original,"Родентицид",bromakem-pr-terra-vita
8006,"Бродівіт, Р","Укравіт",premium,"Родентицид",brodivit-r-ukravit
8007,"Джин, ТБ","Alfa Smart Agro",premium,"Родентицид",dzhyn-tb-alfa-smart-agro
8008,"Номайс, розчин","Alfa Smart Agro",premium,"Родентицид",nomais-rozchyn-alfa-smart-agro
8009,"АНТИМИША, ГП","Himagro",econom,"Родентицид",antymysha-hp-himagro
1354,"Апріорі ВГ+Адгейзі (1:6)","Адама",original,"Гербіцид",apriori-vh-adheizi-1-6-15-adama
1355,"Мiстраль ВГ","Адама",original,"Гербіцид",mistral-vh-5-adama
1356,"Пендiган KC","Адама",original,"Гербіцид",pendihan-kc-10-adama
1357,"Султан КС","Адама",original,"Гербіцид",sultan-ks-5-adama
1358,"Тiтус","Кортева",original,"Гербіцид",titus-10x500-korteva
1359,"Тiтус Екстра","Кортева",original,"Гербіцид",titus-ekstra-10x250-korteva
1360,"Селект","UPL",original,"Гербіцид",selekt-5-upl
1361,"Експрес 75 в.г","ФМС",original,"Гербіцид",ekspres-75-v-h-10x500-fms
1362,"Експрес Голд","ФМС",original,"Гербіцид",ekspres-hold-10x350-fms
1363,"Еллай супер","ФМС",original,"Гербіцид",ellai-super-10x150-fms
1364,"Карiбу 50% з.п","ФМС",original,"Гербіцид",karibu-50-z-p-10x600-fms
1366,"Хармонi","ФМС",original,"Гербіцид",kharmoni-10x100-fms
1367,"Дуал голд 960","Сингента",original,"Гербіцид",dual-hold-960-ec-5-synhenta
1368,"ПIК 75WG","Сингента",original,"Гербіцид",pik-75wg-20x100-synhenta
1369,"Прiма Форте","Сингента",original,"Гербіцид",prima-forte-5-synhenta
1370,"Бороплюс","Сингента",original,"Гербіцид",boroplyus-10-synhenta
1371,"Астрал Комбі","Нуфарм",original,"Гербіцид",astral-40100-nufarm
1372,"Бромцид","Нуфарм",original,"Гербіцид",bromtsyd-5-nufarm
1373,"Еквінокс, КС","Нуфарм",original,"Гербіцид",ekvinoks-ks-1-nufarm
1374,"Амалгерон Ессенс, РК","Самміт-Агро",original,"Гербіцид",amalheron-essens-rk-10x1-sammit-agro
1375,"Амалгерон Ессенс, РК","Самміт-Агро",original,"Гербіцид",amalheron-essens-rk-15-sammit-agro
1376,"Енцера, ВГ","Самміт-Агро",original,"Гербіцид",entsera-vh-16x200-sammit-agro
1377,"Енцера, ВГ","Самміт-Агро",original,"Гербіцид",entsera-vh-10x50-sammit-agro
2293,"Екселеріс КС","Адама",original,"Фунгіцид",ekseleris-ks-10-adama
2294,"Кустодія КС","Адама",original,"Фунгіцид",kustodiya-ks-5-adama
2295,"Мерпан Платинум ВГ","Адама",original,"Фунгіцид",merpan-platynum-vh-5-adama
2296,"Сфiнкс Eкстра  ВГ","Адама",original,"Фунгіцид",sfinks-ekstra-vh-5-adama
2297,"Фольпан Голд WG","Адама",original,"Фунгіцид",folpan-hold-wg-5-adama
2298,"Адексар СЕ Плюс, КЕ","Басф",original,"Фунгіцид",adeksar-plyus-10-basf
2299,"Стробi","Басф",original,"Фунгіцид",strobi-10x200-basf
2300,"Ревіона","Басф",original,"Фунгіцид",reviona-5-basf
2301,"Карамба Турбо","Басф",original,"Фунгіцид",karamba-5-basf
2302,"Альто супер 330","Сингента",original,"Фунгіцид",alto-super-330-ec-20-synhenta
2303,"Топаз 100 ЕС","Сингента",original,"Фунгіцид",topaz-100-es-5-synhenta
2304,"Таегро WP","Сингента",original,"Фунгіцид",taehro-wp-10x370-synhenta
2305,"Такаші, РК","Самміт-Агро",original,"Фунгіцид",takashi-rk-10-sammit-agro
2306,"Артемікс, КС","Самміт-Агро",original,"Фунгіцид",artemiks-ks-05-sammit-agro
2307,"Мiлдiкат 25, КС","Самміт-Агро",original,"Фунгіцид",mildikat-25-ks-05-sammit-agro
2308,"Манзат ВГ (манкоцеб)","Самміт-Агро",original,"Фунгіцид",manzat-vh-mankotseb-10x05-sammit-agro
2309,"Манзат ВГ (манкоцеб)","Самміт-Агро",original,"Фунгіцид",manzat-vh-mankotseb-10-sammit-agro
2310,"Медян Eкстра 350 SC","Самміт-Агро",original,"Фунгіцид",medyan-ekstra-350-sc-1-sammit-agro
2311,"Топсiн-М 500, КС","Самміт-Агро",original,"Фунгіцид",topsyn-m-500-ks-5-sammit-agro
3152,"Аполло KC","Адама",original,"Інсектицид",apollo-kc-5-adama
3153,"Маврiк EB","Адама",original,"Інсектицид",mavrik-eb-1-adama
3154,"Пiрiнекс Cупер KE","Адама",original,"Інсектицид",pirineks-cuper-ke-5-adama
3155,"Регент 20G, г","Басф",original,"Інсектицид",rehent-20-g-10-basf
3156,"Фастак, КЕ","Басф",original,"Інсектицид",fastak-100-1-basf
3157,"Вантакор","ФМС",original,"Інсектицид",vantakor-05-fms
3158,"Джалентра","ФМС",original,"Інсектицид",dzhalentra-1-fms
3159,"Кораген","ФМС",original,"Інсектицид",korahen-1-fms
3160,"Кораген","ФМС",original,"Інсектицид",korahen-200-fms
3161,"Кораген","ФМС",original,"Інсектицид",korahen-50-fms
3162,"Талстар","ФМС",original,"Інсектицид",talstar-5-fms
3163,"Актара 25 WG в.г","Сингента",original,"Інсектицид",aktara-25-wg-20x250-synhenta
3164,"Енжiо 247 SC к.с.","Сингента",original,"Інсектицид",enzhio-247-sc-5-synhenta
3165,"Вердавіс 250 ZС","Сингента",original,"Інсектицид",verdavis-250-zs-1-synhenta
3166,"Карнадін","Нуфарм",original,"Інсектицид",karnadin-5-nufarm
3167,"Бiскайя 240 OD, МД","Байер",original,"Інсектицид",biskaiya-240-od-5-baier
3168,"Мовенто 100SC, КС","Байер",original,"Інсектицид",movento-100sc-ks-5-baier
3169,"Балазо к.е.(бiфентрiн)","Самміт-Агро",original,"Інсектицид",balazo-k-e-bifentrin-5-sammit-agro
3170,"Моспiлан, ВП (2*200г)","Самміт-Агро",original,"Інсектицид",mospilan-vp-2-200h-20x400-sammit-agro
3171,"Нiссоран, ЗП","Самміт-Агро",original,"Інсектицид",nissoran-zp-20x500-sammit-agro
3172,"Санмайт, ЗП","Самміт-Агро",original,"Інсектицид",sanmait-zp-20x500-sammit-agro
3173,"Сілкер, КЕ","Самміт-Агро",original,"Інсектицид",silker-ke-1-sammit-agro
3174,"Теппекі, ВГ","Самміт-Агро",original,"Інсектицид",teppeki-vh-055-sammit-agro
4063,"Круiзер 350 FS","Сингента",original,"Протруйник",kruizer-350-fs-20-synhenta
4064,"Еквенто 100FS","Сингента",original,"Протруйник",ekvento-100fs-5-synhenta
4065,"Максим форте 050 FS","Сингента",original,"Протруйник",maksym-forte-050-fs-5-synhenta
4066,"Віксеран25*250","Сингента",original,"Протруйник",vikseran25-250-25x250-synhenta
6023,"Аміно Ксеріон","Адама",original,"Регулятор росту",amino-kserion-5-adama
6024,"Експерт Гроу","Адама",original,"Регулятор росту",ekspert-hrou-5-adama
6025,"Келпак РК","Терра Віта",original,"Регулятор росту",kelpak-rk-5-terra-vita
8010,"Бромакем ПР","Терра Віта",original,"Родентицид",bromakem-pr-5-terra-vita
